ball_receipt.outcome.id,ball_receipt.outcome.name,ball_recovery.recovery_failure,block.deflection,carry.end_location,clearance.aerial_won,counterpress,dribble.nutmeg,dribble.outcome.id,dribble.outcome.name,dribble.overrun,duel.outcome.id,duel.outcome.name,duel.type.id,duel.type.name,duration,foul_committed.card.id,foul_committed.card.name,foul_committed.offensive,foul_won.defensive,goalkeeper.body_part.id,goalkeeper.body_part.name,goalkeeper.end_location,goalkeeper.outcome.id,goalkeeper.outcome.name,goalkeeper.position.id,goalkeeper.position.name,goalkeeper.technique.id,goalkeeper.technique.name,goalkeeper.type.id,goalkeeper.type.name,id,index,interception.outcome.id,interception.outcome.name,location,minute,pass.aerial_won,pass.angle,pass.assisted_shot_id,pass.backheel,pass.body_part.id,pass.body_part.name,pass.cross,pass.cut_back,pass.deflected,pass.end_location,pass.goal_assist,pass.height.id,pass.height.name,pass.length,pass.outcome.id,pass.outcome.name,pass.recipient.id,pass.recipient.name,pass.shot_assist,pass.switch,pass.type.id,pass.type.name,period,play_pattern.id,play_pattern.name,player.id,player.name,position.id,position.name,possession,possession_team.id,possession_team.name,related_events,second,shot.aerial_won,shot.body_part.id,shot.body_part.name,shot.end_location,shot.first_time,shot.freeze_frame,shot.key_pass_id,shot.open_goal,shot.outcome.id,shot.outcome.name,shot.statsbomb_xg,shot.technique.id,shot.technique.name,shot.type.id,shot.type.name,substitution.outcome.id,substitution.outcome.name,substitution.replacement.id,substitution.replacement.name,tactics.formation,tactics.lineup,team.id,team.name,timestamp,type.id,type.name,under_pressure,50_50.outcome.id,50_50.outcome.name,ball_recovery.offensive,foul_committed.advantage,foul_committed.penalty,foul_won.advantage,miscontrol.aerial_won,bad_behaviour.card.id,bad_behaviour.card.name,block.offensive,foul_committed.type.id,foul_committed.type.name,shot.one_on_one,foul_won.penalty,pass.technique.id,pass.technique.name,pass.through_ball,injury_stoppage.in_chain,shot.redirect,pass.miscommunication,shot.deflected,block.save_block,shot.follows_dribble
,,,,,,,,,,,,,,,,,,,,,,,,,,,,,,,38a2aafe-6c24-475c-8894-9c03a79eb11a,1866.0,,,,46.0,,,,,,,,,,,,,,,,,,,,,,,1.0,1.0,Regular Play,,,,,81.0,792.0,Australia,['a8970481-0461-4a82-ab09-680910734d7b'],4.0,,,,,,,,,,,,,,,,,,,,,,784.0,Peru,00:46:04.880,34.0,Half End,,,,,,,,,,,,,,,,,,,,,,,,
,,,,,,,,,,,,,,,,,,,,,,,,,,,,,,,a8970481-0461-4a82-ab09-680910734d7b,1867.0,,,,46.0,,,,,,,,,,,,,,,,,,,,,,,1.0,1.0,Regular Play,,,,,81.0,792.0,Australia,['38a2aafe-6c24-475c-8894-9c03a79eb11a'],4.0,,,,,,,,,,,,,,,,,,,,,,792.0,Australia,00:46:04.880,34.0,Half End,,,,,,,,,,,,,,,,,,,,,,,,
,,,,,,,,,,,,,,,,,,,,,,,,,,,,,,,61b406ec-0018-4170-8fac-dab00ce57a4a,3631.0,,,,94.0,,,,,,,,,,,,,,,,,,,,,,,2.0,1.0,Regular Play,,,,,177.0,784.0,Peru,['ecbca039-9efd-4459-b6fb-06511155ebb7'],3.0,,,,,,,,,,,,,,,,,,,,,,792.0,Australia,00:49:03.000,34.0,Half End,,,,,,,,,,,,,,,,,,,,,,,,
,,,,,,,,,,,,,,,,,,,,,,,,,,,,,,,ecbca039-9efd-4459-b6fb-06511155ebb7,3632.0,,,,94.0,,,,,,,,,,,,,,,,,,,,,,,2.0,1.0,Regular Play,,,,,177.0,784.0,Peru,['61b406ec-0018-4170-8fac-dab00ce57a4a'],4.0,,,,,,,,,,,,,,,,,,,,,,784.0,Peru,00:49:04.040,34.0,Half End,,,,,,,,,,,,,,,,,,,,,,,,
,,,,,,,,,,,,,,,,,,,,,,,,,,,,,,,83b9469b-6b69-4ef3-93f8-55e39ee9c403,1526.0,,,,47.0,,,,,,,,,,,,,,,,,,,,,,,1.0,7.0,From Goal Kick,,,,,92.0,775.0,Nigeria,['5cf57180-790c-44b8-9744-c65584a5f9c8'],1.0,,,,,,,,,,,,,,,,,,,,,,793.0,Iceland,00:47:01.243,34.0,Half End,,,,,,,,,,,,,,,,,,,,,,,,
,,,,,,,,,,,,,,,,,,,,,,,,,,,,,,,5cf57180-790c-44b8-9744-c65584a5f9c8,1527.0,,,,47.0,,,,,,,,,,,,,,,,,,,,,,,1.0,7.0,From Goal Kick,,,,,92.0,775.0,Nigeria,['83b9469b-6b69-4ef3-93f8-55e39ee9c403'],2.0,,,,,,,,,,,,,,,,,,,,,,775.0,Nigeria,00:47:02.643,34.0,Half End,,,,,,,,,,,,,,,,,,,,,,,,
,,,,,,,,,,,,,,,,,,,,,,,,,,,,,,,6f99f55d-717a-4bfd-bbf7-580ff95c6aba,3219.0,,,,96.0,,,,,,,,,,,,,,,,,,,,,,,2.0,1.0,Regular Play,,,,,175.0,775.0,Nigeria,['29eee636-e162-42d4-a0c3-2aede09ef0b4'],34.0,,,,,,,,,,,,,,,,,,,,,,775.0,Nigeria,00:51:34.107,34.0,Half End,,,,,,,,,,,,,,,,,,,,,,,,
,,,,,,,,,,,,,,,,,,,,,,,,,,,,,,,29eee636-e162-42d4-a0c3-2aede09ef0b4,3220.0,,,,96.0,,,,,,,,,,,,,,,,,,,,,,,2.0,1.0,Regular Play,,,,,175.0,775.0,Nigeria,['6f99f55d-717a-4bfd-bbf7-580ff95c6aba'],34.0,,,,,,,,,,,,,,,,,,,,,,793.0,Iceland,00:51:34.107,34.0,Half End,,,,,,,,,,,,,,,,,,,,,,,,
,,,,,,,,,,,,,,,,,,,,,,,,,,,,,,,15d04ff3-d3c2-4945-a4cb-8e20e34cde49,1867.0,,,,46.0,,,,,,,,,,,,,,,,,,,,,,,1.0,1.0,Regular Play,,,,,83.0,786.0,Serbia,['a6bbc49f-3217-447e-b6d1-3235ef4be67b'],55.0,,,,,,,,,,,,,,,,,,,,,,781.0,Brazil,00:46:55.733,34.0,Half End,,,,,,,,,,,,,,,,,,,,,,,,
,,,,,,,,,,,,,,,0.0,,,,,,,,,,,,,,,,a6bbc49f-3217-447e-b6d1-3235ef4be67b,1868.0,,,,46.0,,,,,,,,,,,,,,,,,,,,,,,1.0,1.0,Regular Play,,,,,83.0,786.0,Serbia,['15d04ff3-d3c2-4945-a4cb-8e20e34cde49'],55.0,,,,,,,,,,,,,,,,,,,,,,786.0,Serbia,00:46:55.733,34.0,Half End,,,,,,,,,,,,,,,,,,,,,,,,
,,,,,,,,,,,,,,,0.0,,,,,,,,,,,,,,,,7c4f9569-5e7b-4313-8347-36b86488b271,4084.0,,,,93.0,,,,,,,,,,,,,,,,,,,,,,,2.0,2.0,From Corner,,,,,168.0,781.0,Brazil,['4ae8451e-ec67-4fac-b8ea-ba7f744868ce'],4.0,,,,,,,,,,,,,,,,,,,,,,786.0,Serbia,00:48:04.360,34.0,Half End,,,,,,,,,,,,,,,,,,,,,,,,
,,,,,,,,,,,,,,,,,,,,,,,,,,,,,,,4ae8451e-ec67-4fac-b8ea-ba7f744868ce,4085.0,,,,93.0,,,,,,,,,,,,,,,,,,,,,,,2.0,2.0,From Corner,,,,,168.0,781.0,Brazil,['7c4f9569-5e7b-4313-8347-36b86488b271'],4.0,,,,,,,,,,,,,,,,,,,,,,781.0,Brazil,00:48:04.360,34.0,Half End,,,,,,,,,,,,,,,,,,,,,,,,
,,,,,,,,,,,,,,,,,,,,,,,,,,,,,,,4edd1881-1224-4e35-b428-aa8358c20843,1590.0,,,,47.0,,,,,,,,,,,,,,,,,,,,,,,1.0,1.0,Regular Play,,,,,76.0,785.0,Croatia,['9716664c-b58f-4954-a0ce-a0f4f0983ea5'],9.0,,,,,,,,,,,,,,,,,,,,,,776.0,Denmark,00:47:09.453,34.0,Half End,,,,,,,,,,,,,,,,,,,,,,,,
,,,,,,,,,,,,,,,0.0,,,,,,,,,,,,,,,,9716664c-b58f-4954-a0ce-a0f4f0983ea5,1591.0,,,,47.0,,,,,,,,,,,,,,,,,,,,,,,1.0,1.0,Regular Play,,,,,76.0,785.0,Croatia,['4edd1881-1224-4e35-b428-aa8358c20843'],9.0,,,,,,,,,,,,,,,,,,,,,,785.0,Croatia,00:47:09.453,34.0,Half End,,,,,,,,,,,,,,,,,,,,,,,,
,,,,,,,,,,,,,,,,,,,,,,,,,,,,,,,a5ba8b6e-c868-48e2-b9f1-1273021b8942,3224.0,,,,93.0,,,,,,,,,,,,,,,,,,,,,,,2.0,7.0,From Goal Kick,,,,,167.0,785.0,Croatia,['d152cbf8-3dbd-4490-bab9-ba676d1db0f8'],10.0,,,,,,,,,,,,,,,,,,,,,,776.0,Denmark,00:48:10.733,34.0,Half End,,,,,,,,,,,,,,,,,,,,,,,,
,,,,,,,,,,,,,,,0.0,,,,,,,,,,,,,,,,d152cbf8-3dbd-4490-bab9-ba676d1db0f8,3225.0,,,,93.0,,,,,,,,,,,,,,,,,,,,,,,2.0,7.0,From Goal Kick,,,,,167.0,785.0,Croatia,['a5ba8b6e-c868-48e2-b9f1-1273021b8942'],10.0,,,,,,,,,,,,,,,,,,,,,,785.0,Croatia,00:48:10.733,34.0,Half End,,,,,,,,,,,,,,,,,,,,,,,,
,,,,,,,,,,,,,,,,,,,,,,,,,,,,,,,91e3218b-8fcf-4a02-8b2d-0ffafcda7e2c,3725.0,,,,106.0,,,,,,,,,,,,,,,,,,,,,,,3.0,4.0,From Throw In,,,,,192.0,785.0,Croatia,['8ad6b645-fa53-4de5-84f7-6424957c5e31'],9.0,,,,,,,,,,,,,,,,,,,,,,776.0,Denmark,00:16:09.068,34.0,Half End,,,,,,,,,,,,,,,,,,,,,,,,
,,,,,,,,,,,,,,,0.0,,,,,,,,,,,,,,,,8ad6b645-fa53-4de5-84f7-6424957c5e31,3726.0,,,,106.0,,,,,,,,,,,,,,,,,,,,,,,3.0,4.0,From Throw In,,,,,192.0,785.0,Croatia,['91e3218b-8fcf-4a02-8b2d-0ffafcda7e2c'],9.0,,,,,,,,,,,,,,,,,,,,,,785.0,Croatia,00:16:09.068,34.0,Half End,,,,,,,,,,,,,,,,,,,,,,,,
,,,,,,,,,,,,,,,,,,,,,,,,,,,,,,,13b9a5d3-d594-4bb3-a252-c30c0f71b2fc,4262.0,,,,121.0,,,,,,,,,,,,,,,,,,,,,,,4.0,7.0,From Goal Kick,,,,,214.0,776.0,Denmark,['bc480eb6-85fa-42e9-af4d-de185a4ec9f2'],9.0,,,,,,,,,,,,,,,,,,,,,,776.0,Denmark,00:16:09.391,34.0,Half End,,,,,,,,,,,,,,,,,,,,,,,,
,,,,,,,,,,,,,,,0.0,,,,,,,,,,,,,,,,bc480eb6-85fa-42e9-af4d-de185a4ec9f2,4263.0,,,,121.0,,,,,,,,,,,,,,,,,,,,,,,4.0,7.0,From Goal Kick,,,,,214.0,776.0,Denmark,['13b9a5d3-d594-4bb3-a252-c30c0f71b2fc'],9.0,,,,,,,,,,,,,,,,,,,,,,785.0,Croatia,00:16:09.391,34.0,Half End,,,,,,,,,,,,,,,,,,,,,,,,
,,,,,,,,,,,,,,,,,,,,,,,,,,,,,,,e7268957-e073-4e77-b021-c8e481f58131,4286.0,,,,128.0,,,,,,,,,,,,,,,,,,,,,,,5.0,5.0,Other,,,,,229.0,785.0,Croatia,['4ca42e5b-fabd-4184-99e5-1410f6a98834'],7.0,,,,,,,,,,,,,,,,,,,,,,776.0,Denmark,00:08:07.413,34.0,Half End,,,,,,,,,,,,,,,,,,,,,,,,
,,,,,,,,,,,,,,,,,,,,,,,,,,,,,,,4ca42e5b-fabd-4184-99e5-1410f6a98834,4287.0,,,,128.0,,,,,,,,,,,,,,,,,,,,,,,5.0,5.0,Other,,,,,229.0,785.0,Croatia,['e7268957-e073-4e77-b021-c8e481f58131'],7.0,,,,,,,,,,,,,,,,,,,,,,785.0,Croatia,00:08:07.413,34.0,Half End,,,,,,,,,,,,,,,,,,,,,,,,
,,,,,,,,,,,,,,,,,,,,,,,,,,,,,,,3437013e-ae1c-40ab-ba54-db9222e6bf67,1744.0,,,,48.0,,,,,,,,,,,,,,,,,,,,,,,1.0,4.0,From Throw In,,,,,72.0,780.0,Portugal,['dae3c6e7-faa4-4f89-866d-b1959d25b706'],6.0,,,,,,,,,,,,,,,,,,,,,,780.0,Portugal,00:48:06.553,34.0,Half End,,,,,,,,,,,,,,,,,,,,,,,,
,,,,,,,,,,,,,,,,,,,,,,,,,,,,,,,dae3c6e7-faa4-4f89-866d-b1959d25b706,1745.0,,,,48.0,,,,,,,,,,,,,,,,,,,,,,,1.0,4.0,From Throw In,,,,,72.0,780.0,Portugal,['3437013e-ae1c-40ab-ba54-db9222e6bf67'],6.0,,,,,,,,,,,,,,,,,,,,,,797.0,Iran,00:48:06.553,34.0,Half End,,,,,,,,,,,,,,,,,,,,,,,,
,,,,,,,,,,,,,,,,,,,,,,,,,,,,,,,10114d98-f57e-4096-b72f-a0ac0454e283,3188.0,,,,97.0,,,,,,,,,,,,,,,,,,,,,,,2.0,7.0,From Goal Kick,,,,,141.0,780.0,Portugal,['340509e2-8da5-4428-886e-bc124011581f'],16.0,,,,,,,,,,,,,,,,,,,,,,780.0,Portugal,00:52:16.740,34.0,Half End,,,,,,,,,,,,,,,,,,,,,,,,
,,,,,,,,,,,,,,,,,,,,,,,,,,,,,,,340509e2-8da5-4428-886e-bc124011581f,3189.0,,,,97.0,,,,,,,,,,,,,,,,,,,,,,,2.0,7.0,From Goal Kick,,,,,141.0,780.0,Portugal,['10114d98-f57e-4096-b72f-a0ac0454e283'],16.0,,,,,,,,,,,,,,,,,,,,,,797.0,Iran,00:52:16.740,34.0,Half End,,,,,,,,,,,,,,,,,,,,,,,,
,,,,,,,,,,,,,,,,,,,,,,,,,,,,,,,064a89a5-879c-443b-8b93-86f87a266779,1463.0,,,,47.0,,,,,,,,,,,,,,,,,,,,,,,1.0,1.0,Regular Play,,,,,87.0,790.0,Sweden,['3392d096-65a4-47e5-8577-e66c99cb0216'],9.0,,,,,,,,,,,,,,,,,,,,,,794.0,Mexico,00:47:09.800,34.0,Half End,,,,,,,,,,,,,,,,,,,,,,,,
,,,,,,,,,,,,,,,,,,,,,,,,,,,,,,,3392d096-65a4-47e5-8577-e66c99cb0216,1464.0,,,,47.0,,,,,,,,,,,,,,,,,,,,,,,1.0,1.0,Regular Play,,,,,87.0,790.0,Sweden,['064a89a5-879c-443b-8b93-86f87a266779'],9.0,,,,,,,,,,,,,,,,,,,,,,790.0,Sweden,00:47:09.800,34.0,Half End,,,,,,,,,,,,,,,,,,,,,,,,
,,,,,,,,,,,,,,,,,,,,,,,,,,,,,,,ed5471ae-eeea-4127-93a2-91a0732cf803,2830.0,,,,94.0,,,,,,,,,,,,,,,,,,,,,,,2.0,1.0,Regular Play,,,,,164.0,794.0,Mexico,['cf092926-9c0c-4aa5-be33-528dae91e0b4'],11.0,,,,,,,,,,,,,,,,,,,,,,790.0,Sweden,00:49:11.080,34.0,Half End,,,,,,,,,,,,,,,,,,,,,,,,
,,,,,,,,,,,,,,,,,,,,,,,,,,,,,,,cf092926-9c0c-4aa5-be33-528dae91e0b4,2831.0,,,,94.0,,,,,,,,,,,,,,,,,,,,,,,2.0,1.0,Regular Play,,,,,164.0,794.0,Mexico,['ed5471ae-eeea-4127-93a2-91a0732cf803'],11.0,,,,,,,,,,,,,,,,,,,,,,794.0,Mexico,00:49:11.080,34.0,Half End,,,,,,,,,,,,,,,,,,,,,,,,
,,,,,,,,,,,,,,,,,,,,,,,,,,,,,,,e6bff321-1f39-4c1c-937f-e13c2184ae0e,1927.0,,,,46.0,,,,,,,,,,,,,,,,,,,,,,,1.0,3.0,From Free Kick,,,,,87.0,795.0,Costa Rica,['a83503af-1e80-4a90-9381-2008ec1f5a90'],9.0,,,,,,,,,,,,,,,,,,,,,,781.0,Brazil,00:46:09.720,34.0,Half End,,,,,,,,,,,,,,,,,,,,,,,,
,,,,,,,,,,,,,,,,,,,,,,,,,,,,,,,a83503af-1e80-4a90-9381-2008ec1f5a90,1928.0,,,,46.0,,,,,,,,,,,,,,,,,,,,,,,1.0,3.0,From Free Kick,,,,,87.0,795.0,Costa Rica,['e6bff321-1f39-4c1c-937f-e13c2184ae0e'],9.0,,,,,,,,,,,,,,,,,,,,,,795.0,Costa Rica,00:46:09.720,34.0,Half End,,,,,,,,,,,,,,,,,,,,,,,,
,,,,,,,,,,,,,,,,,,,,,,,,,,,,,,,e892c24e-8a9a-43a4-962f-7d5ef251388a,3719.0,,,,98.0,,,,,,,,,,,,,,,,,,,,,,,2.0,9.0,From Kick Off,,,,,173.0,795.0,Costa Rica,['564306ab-51b7-47b6-aa9c-fada4dac6028'],1.0,,,,,,,,,,,,,,,,,,,,,,795.0,Costa Rica,00:53:01.933,34.0,Half End,,,,,,,,,,,,,,,,,,,,,,,,
,,,,,,,,,,,,,,,,,,,,,,,,,,,,,,,564306ab-51b7-47b6-aa9c-fada4dac6028,3720.0,,,,98.0,,,,,,,,,,,,,,,,,,,,,,,2.0,9.0,From Kick Off,,,,,173.0,795.0,Costa Rica,['e892c24e-8a9a-43a4-962f-7d5ef251388a'],1.0,,,,,,,,,,,,,,,,,,,,,,781.0,Brazil,00:53:01.933,34.0,Half End,,,,,,,,,,,,,,,,,,,,,,,,
,,,,,,,,,,,,,,,,,,,,,,,,,,,,,,,d8d78e77-c45b-44c7-b6ac-2c6fba7ef6ba,1813.0,,,,46.0,,,,,,,,,,,,,,,,,,,,,,,1.0,1.0,Regular Play,,,,,94.0,770.0,Germany,['b4900fc1-ebfd-4ab3-8fd1-403ffac35560'],6.0,,,,,,,,,,,,,,,,,,,,,,794.0,Mexico,00:46:06.693,34.0,Half End,,,,,,,,,,,,,,,,,,,,,,,,
,,,,,,,,,,,,,,,,,,,,,,,,,,,,,,,b4900fc1-ebfd-4ab3-8fd1-403ffac35560,1814.0,,,,46.0,,,,,,,,,,,,,,,,,,,,,,,1.0,1.0,Regular Play,,,,,94.0,770.0,Germany,['d8d78e77-c45b-44c7-b6ac-2c6fba7ef6ba'],6.0,,,,,,,,,,,,,,,,,,,,,,770.0,Germany,00:46:06.693,34.0,Half End,,,,,,,,,,,,,,,,,,,,,,,,
,,,,,,,,,,,,,,,,,,,,,,,,,,,,,,,f10ef156-0ba1-4f90-852f-67e1982af963,3704.0,,,,93.0,,,,,,,,,,,,,,,,,,,,,,,2.0,3.0,From Free Kick,,,,,183.0,770.0,Germany,['e4edad98-9b28-4e91-88ef-893e31f29fbc'],10.0,,,,,,,,,,,,,,,,,,,,,,794.0,Mexico,00:48:10.507,34.0,Half End,,,,,,,,,,,,,,,,,,,,,,,,
,,,,,,,,,,,,,,,,,,,,,,,,,,,,,,,e4edad98-9b28-4e91-88ef-893e31f29fbc,3705.0,,,,93.0,,,,,,,,,,,,,,,,,,,,,,,2.0,3.0,From Free Kick,,,,,183.0,770.0,Germany,['f10ef156-0ba1-4f90-852f-67e1982af963'],10.0,,,,,,,,,,,,,,,,,,,,,,770.0,Germany,00:48:10.507,34.0,Half End,,,,,,,,,,,,,,,,,,,,,,,,
,,,,,,,,,,,,,,,,,,,,,,,,,,,,,,,7cc5d25e-06c6-4c08-bae5-74c7c43376bc,2070.0,,,,45.0,,,,,,,,,,,,,,,,,,,,,,,1.0,2.0,From Corner,,,,,68.0,772.0,Spain,['90a2a477-da51-4694-bb88-c53893143c29'],59.0,,,,,,,,,,,,,,,,,,,,,,780.0,Portugal,00:45:59.520,34.0,Half End,,,,,,,,,,,,,,,,,,,,,,,,
,,,,,,,,,,,,,,,,,,,,,,,,,,,,,,,90a2a477-da51-4694-bb88-c53893143c29,2071.0,,,,45.0,,,,,,,,,,,,,,,,,,,,,,,1.0,2.0,From Corner,,,,,68.0,772.0,Spain,['7cc5d25e-06c6-4c08-bae5-74c7c43376bc'],59.0,,,,,,,,,,,,,,,,,,,,,,772.0,Spain,00:45:59.520,34.0,Half End,,,,,,,,,,,,,,,,,,,,,,,,
,,,,,,,,,,,,,,,,,,,,,,,,,,,,,,,754307bc-0e99-474a-a7dc-849c797ed8a7,4153.0,,,,94.0,,,,,,,,,,,,,,,,,,,,,,,2.0,4.0,From Throw In,,,,,150.0,780.0,Portugal,['52604abf-921d-4ad8-ae29-1210dd3bd126'],55.0,,,,,,,,,,,,,,,,,,,,,,772.0,Spain,00:49:55.453,34.0,Half End,,,,,,,,,,,,,,,,,,,,,,,,
,,,,,,,,,,,,,,,,,,,,,,,,,,,,,,,52604abf-921d-4ad8-ae29-1210dd3bd126,4154.0,,,,94.0,,,,,,,,,,,,,,,,,,,,,,,2.0,4.0,From Throw In,,,,,150.0,780.0,Portugal,['754307bc-0e99-474a-a7dc-849c797ed8a7'],55.0,,,,,,,,,,,,,,,,,,,,,,780.0,Portugal,00:49:55.933,34.0,Half End,,,,,,,,,,,,,,,,,,,,,,,,
,,,,,,,,,,,,,,,,,,,,,,,,,,,,,,,b5781e9a-4d5d-483b-8de6-365b1c234292,1714.0,,,,45.0,,,,,,,,,,,,,,,,,,,,,,,1.0,1.0,Regular Play,,,,,99.0,796.0,Russia,['9a76578c-7f49-4201-ba69-92e2ec1ce849'],12.0,,,,,,,,,,,,,,,,,,,,,,796.0,Russia,00:45:12.080,34.0,Half End,,,,,,,,,,,,,,,,,,,,,,,,
,,,,,,,,,,,,,,,,,,,,,,,,,,,,,,,9a76578c-7f49-4201-ba69-92e2ec1ce849,1715.0,,,,45.0,,,,,,,,,,,,,,,,,,,,,,,1.0,1.0,Regular Play,,,,,99.0,796.0,Russia,['b5781e9a-4d5d-483b-8de6-365b1c234292'],12.0,,,,,,,,,,,,,,,,,,,,,,774.0,Egypt,00:45:12.080,34.0,Half End,,,,,,,,,,,,,,,,,,,,,,,,
,,,,,,,,,,,,,,,,,,,,,,,,,,,,,,,0d2ba16e-edac-4f05-b447-6f509acc0e95,3348.0,,,,94.0,,,,,,,,,,,,,,,,,,,,,,,2.0,1.0,Regular Play,,,,,198.0,796.0,Russia,['d987ee1d-8256-48c0-b01c-36b0780faf5b'],6.0,,,,,,,,,,,,,,,,,,,,,,774.0,Egypt,00:49:06.453,34.0,Half End,,,,,,,,,,,,,,,,,,,,,,,,
,,,,,,,,,,,,,,,,,,,,,,,,,,,,,,,d987ee1d-8256-48c0-b01c-36b0780faf5b,3349.0,,,,94.0,,,,,,,,,,,,,,,,,,,,,,,2.0,1.0,Regular Play,,,,,198.0,796.0,Russia,['0d2ba16e-edac-4f05-b447-6f509acc0e95'],6.0,,,,,,,,,,,,,,,,,,,,,,796.0,Russia,00:49:06.693,34.0,Half End,,,,,,,,,,,,,,,,,,,,,,,,
,,,,,,,,,,,,,,,,,,,,,,,,,,,,,,,2b57db73-56a0-4f44-a233-470d3bf5f38f,1752.0,,,,46.0,,,,,,,,,,,,,,,,,,,,,,,1.0,1.0,Regular Play,,,,,102.0,795.0,Costa Rica,['ccae0ad0-d3a3-4286-b439-472be1c72ef6'],5.0,,,,,,,,,,,,,,,,,,,,,,795.0,Costa Rica,00:46:05.553,34.0,Half End,,,,,,,,,,,,,,,,,,,,,,,,
,,,,,,,,,,,,,,,,,,,,,,,,,,,,,,,ccae0ad0-d3a3-4286-b439-472be1c72ef6,1753.0,,,,46.0,,,,,,,,,,,,,,,,,,,,,,,1.0,1.0,Regular Play,,,,,102.0,795.0,Costa Rica,['2b57db73-56a0-4f44-a233-470d3bf5f38f'],6.0,,,,,,,,,,,,,,,,,,,,,,773.0,Switzerland,00:46:06.846,34.0,Half End,,,,,,,,,,,,,,,,,,,,,,,,
,,,,,,,,,,,,,,,,,,,,,,,,,,,,,,,87fed702-36f5-49d1-babb-cb18ebcb0d31,3351.0,,,,95.0,,,,,,,,,,,,,,,,,,,,,,,2.0,4.0,From Throw In,,,,,174.0,795.0,Costa Rica,['0a7a68c5-d01a-48a0-9f5e-ee49e9839fda'],6.0,,,,,,,,,,,,,,,,,,,,,,795.0,Costa Rica,00:50:06.080,34.0,Half End,,,,,,,,,,,,,,,,,,,,,,,,
,,,,,,,,,,,,,,,,,,,,,,,,,,,,,,,0a7a68c5-d01a-48a0-9f5e-ee49e9839fda,3352.0,,,,95.0,,,,,,,,,,,,,,,,,,,,,,,2.0,4.0,From Throw In,,,,,174.0,795.0,Costa Rica,['87fed702-36f5-49d1-babb-cb18ebcb0d31'],6.0,,,,,,,,,,,,,,,,,,,,,,773.0,Switzerland,00:50:06.080,34.0,Half End,,,,,,,,,,,,,,,,,,,,,,,,
,,,,,,,,,,,,,,,,,,,,,,,,,,,,,,,d5eead49-48c8-45f6-a05d-24c2f57127c8,1843.0,,,,47.0,,,,,,,,,,,,,,,,,,,,,,,1.0,1.0,Regular Play,,,,,91.0,777.0,Tunisia,['35aacc7b-4481-400f-bc9a-3c9f4add636c'],7.0,,,,,,,,,,,,,,,,,,,,,,777.0,Tunisia,00:47:07.800,34.0,Half End,,,,,,,,,,,,,,,,,,,,,,,,
,,,,,,,,,,,,,,,,,,,,,,,,,,,,,,,35aacc7b-4481-400f-bc9a-3c9f4add636c,1844.0,,,,47.0,,,,,,,,,,,,,,,,,,,,,,,1.0,1.0,Regular Play,,,,,91.0,777.0,Tunisia,['d5eead49-48c8-45f6-a05d-24c2f57127c8'],7.0,,,,,,,,,,,,,,,,,,,,,,798.0,Panama,00:47:07.867,34.0,Half End,,,,,,,,,,,,,,,,,,,,,,,,
,,,,,,,,,,,,,,,,,,,,,,,,,,,,,,,45a72281-fcc6-4714-bf23-3872b7564b8d,3409.0,,,,97.0,,,,,,,,,,,,,,,,,,,,,,,2.0,3.0,From Free Kick,,,,,177.0,777.0,Tunisia,['816cb53e-fb82-481e-b793-2ac0614b257f'],30.0,,,,,,,,,,,,,,,,,,,,,,777.0,Tunisia,00:52:30.853,34.0,Half End,,,,,,,,,,,,,,,,,,,,,,,,
,,,,,,,,,,,,,,,,,,,,,,,,,,,,,,,816cb53e-fb82-481e-b793-2ac0614b257f,3410.0,,,,97.0,,,,,,,,,,,,,,,,,,,,,,,2.0,3.0,From Free Kick,,,,,177.0,777.0,Tunisia,['45a72281-fcc6-4714-bf23-3872b7564b8d'],30.0,,,,,,,,,,,,,,,,,,,,,,798.0,Panama,00:52:30.853,34.0,Half End,,,,,,,,,,,,,,,,,,,,,,,,
,,,,,,,,,,,,,,,,,,,,,,,,,,,,,,,924d0112-deb5-4ec9-a5dd-62a1dcd81102,1949.0,,,,45.0,,,,,,,,,,,,,,,,,,,,,,,1.0,1.0,Regular Play,,,,,84.0,782.0,Belgium,['1011ea36-452e-47d3-a89a-a959491c7865'],7.0,,,,,,,,,,,,,,,,,,,,,,768.0,England,00:45:07.640,34.0,Half End,,,,,,,,,,,,,,,,,,,,,,,,
,,,,,,,,,,,,,,,,,,,,,,,,,,,,,,,1011ea36-452e-47d3-a89a-a959491c7865,1950.0,,,,45.0,,,,,,,,,,,,,,,,,,,,,,,1.0,1.0,Regular Play,,,,,84.0,782.0,Belgium,['924d0112-deb5-4ec9-a5dd-62a1dcd81102'],7.0,,,,,,,,,,,,,,,,,,,,,,782.0,Belgium,00:45:07.640,34.0,Half End,,,,,,,,,,,,,,,,,,,,,,,,
,,,,,,,,,,,,,,,,,,,,,,,,,,,,,,,eb13a69a-165f-4838-b317-a75b603d688e,3985.0,,,,93.0,,,,,,,,,,,,,,,,,,,,,,,2.0,1.0,Regular Play,,,,,164.0,768.0,England,['e74e9978-d593-4ab2-ada2-7bc44ebeeb8e'],6.0,,,,,,,,,,,,,,,,,,,,,,782.0,Belgium,00:48:06.073,34.0,Half End,,,,,,,,,,,,,,,,,,,,,,,,
,,,,,,,,,,,,,,,,,,,,,,,,,,,,,,,e74e9978-d593-4ab2-ada2-7bc44ebeeb8e,3986.0,,,,93.0,,,,,,,,,,,,,,,,,,,,,,,2.0,1.0,Regular Play,,,,,164.0,768.0,England,['eb13a69a-165f-4838-b317-a75b603d688e'],6.0,,,,,,,,,,,,,,,,,,,,,,768.0,England,00:48:06.073,34.0,Half End,,,,,,,,,,,,,,,,,,,,,,,,
,,,,,,,,,,,,,,,,,,,,,,,,,,,,,,,a8b3fd86-5fe9-42c9-80ca-415211246916,1728.0,,,,46.0,,,,,,,,,,,,,,,,,,,,,,,1.0,1.0,Regular Play,,,,,74.0,782.0,Belgium,['0962db4e-5ff5-41cc-8b82-90229b2d0ff1'],23.0,,,,,,,,,,,,,,,,,,,,,,782.0,Belgium,00:46:23.280,34.0,Half End,,,,,,,,,,,,,,,,,,,,,,,,
,,,,,,,,,,,,,,,,,,,,,,,,,,,,,,,0962db4e-5ff5-41cc-8b82-90229b2d0ff1,1729.0,,,,46.0,,,,,,,,,,,,,,,,,,,,,,,1.0,1.0,Regular Play,,,,,74.0,782.0,Belgium,['a8b3fd86-5fe9-42c9-80ca-415211246916'],23.0,,,,,,,,,,,,,,,,,,,,,,771.0,France,00:46:23.280,34.0,Half End,,,,,,,,,,,,,,,,,,,,,,,,
,,,,,,,,,,,,,,,,,,,,,,,,,,,,,,,ef0fd15f-ed4b-48d0-b728-dcbfc7220452,3353.0,,,,96.0,,,,,,,,,,,,,,,,,,,,,,,2.0,2.0,From Corner,,,,,155.0,771.0,France,['9a8dd1d1-2862-44b4-b864-93c5396f4e20'],15.0,,,,,,,,,,,,,,,,,,,,,,771.0,France,00:51:15.212,34.0,Half End,,,,,,,,,,,,,,,,,,,,,,,,
,,,,,,,,,,,,,,,,,,,,,,,,,,,,,,,9a8dd1d1-2862-44b4-b864-93c5396f4e20,3354.0,,,,96.0,,,,,,,,,,,,,,,,,,,,,,,2.0,2.0,From Corner,,,,,155.0,771.0,France,['ef0fd15f-ed4b-48d0-b728-dcbfc7220452'],15.0,,,,,,,,,,,,,,,,,,,,,,782.0,Belgium,00:51:15.212,34.0,Half End,,,,,,,,,,,,,,,,,,,,,,,,
,,,,,,,,,,,,,,,,,,,,,,,,,,,,,,,a7a2fc07-e41b-4cbf-a443-c6a45afa13e5,2412.0,,,,47.0,,,,,,,,,,,,,,,,,,,,,,,1.0,1.0,Regular Play,,,,,73.0,782.0,Belgium,['096782fe-ed6c-4ed4-9748-e5b5eda469b5'],7.0,,,,,,,,,,,,,,,,,,,,,,768.0,England,00:47:07.000,34.0,Half End,,,,,,,,,,,,,,,,,,,,,,,,
,,,,,,,,,,,,,,,,,,,,,,,,,,,,,,,096782fe-ed6c-4ed4-9748-e5b5eda469b5,2413.0,,,,47.0,,,,,,,,,,,,,,,,,,,,,,,1.0,1.0,Regular Play,,,,,73.0,782.0,Belgium,['a7a2fc07-e41b-4cbf-a443-c6a45afa13e5'],7.0,,,,,,,,,,,,,,,,,,,,,,782.0,Belgium,00:47:07.000,34.0,Half End,,,,,,,,,,,,,,,,,,,,,,,,
,,,,,,,,,,,,,,,,,,,,,,,,,,,,,,,dba9a8bc-158b-4578-b98a-653145a3292f,4425.0,,,,93.0,,,,,,,,,,,,,,,,,,,,,,,2.0,4.0,From Throw In,,,,,151.0,782.0,Belgium,['11c762e6-8fb0-4342-98d4-f6505f99aa25'],4.0,,,,,,,,,,,,,,,,,,,,,,768.0,England,00:48:04.178,34.0,Half End,,,,,,,,,,,,,,,,,,,,,,,,
,,,,,,,,,,,,,,,0.0,,,,,,,,,,,,,,,,11c762e6-8fb0-4342-98d4-f6505f99aa25,4426.0,,,,93.0,,,,,,,,,,,,,,,,,,,,,,,2.0,4.0,From Throw In,,,,,151.0,782.0,Belgium,['dba9a8bc-158b-4578-b98a-653145a3292f'],4.0,,,,,,,,,,,,,,,,,,,,,,782.0,Belgium,00:48:04.178,34.0,Half End,,,,,,,,,,,,,,,,,,,,,,,,
,,,,,,,,,,,,,,,,,,,,,,,,,,,,,,,d6dd9180-a644-41c8-a588-b0a47aeacbab,1849.0,,,,48.0,,,,,,,,,,,,,,,,,,,,,,,1.0,1.0,Regular Play,,,,,77.0,797.0,Iran,['4f8875fe-c083-439f-8d96-49f0069edd98'],13.0,,,,,,,,,,,,,,,,,,,,,,797.0,Iran,00:48:13.800,34.0,Half End,,,,,,,,,,,,,,,,,,,,,,,,
,,,,,,,,,,,,,,,,,,,,,,,,,,,,,,,4f8875fe-c083-439f-8d96-49f0069edd98,1850.0,,,,48.0,,,,,,,,,,,,,,,,,,,,,,,1.0,1.0,Regular Play,,,,,77.0,797.0,Iran,['d6dd9180-a644-41c8-a588-b0a47aeacbab'],14.0,,,,,,,,,,,,,,,,,,,,,,772.0,Spain,00:48:14.373,34.0,Half End,,,,,,,,,,,,,,,,,,,,,,,,
,,,,,,,,,,,,,,,,,,,,,,,,,,,,,,,2050d589-3319-40db-ba30-cc38372379c9,3821.0,,,,94.0,,,,,,,,,,,,,,,,,,,,,,,2.0,4.0,From Throw In,,,,,153.0,797.0,Iran,['ab095569-2bb7-4dd1-8cb8-1e83fe633af0'],9.0,,,,,,,,,,,,,,,,,,,,,,772.0,Spain,00:49:09.040,34.0,Half End,,,,,,,,,,,,,,,,,,,,,,,,
,,,,,,,,,,,,,,,,,,,,,,,,,,,,,,,ab095569-2bb7-4dd1-8cb8-1e83fe633af0,3822.0,,,,94.0,,,,,,,,,,,,,,,,,,,,,,,2.0,4.0,From Throw In,,,,,153.0,797.0,Iran,['2050d589-3319-40db-ba30-cc38372379c9'],9.0,,,,,,,,,,,,,,,,,,,,,,797.0,Iran,00:49:09.040,34.0,Half End,,,,,,,,,,,,,,,,,,,,,,,,
,,,,,,,,,,,,,,,,,,,,,,,,,,,,,,,2f456b6c-e730-4824-a194-942612b76871,1543.0,,,,48.0,,,,,,,,,,,,,,,,,,,,,,,1.0,7.0,From Goal Kick,,,,,84.0,784.0,Peru,['3053d691-f787-4298-a78e-edb8e48f8ea5'],0.0,,,,,,,,,,,,,,,,,,,,,,784.0,Peru,00:48:00.933,34.0,Half End,,,,,,,,,,,,,,,,,,,,,,,,
,,,,,,,,,,,,,,,,,,,,,,,,,,,,,,,3053d691-f787-4298-a78e-edb8e48f8ea5,1544.0,,,,48.0,,,,,,,,,,,,,,,,,,,,,,,1.0,7.0,From Goal Kick,,,,,84.0,784.0,Peru,['2f456b6c-e730-4824-a194-942612b76871'],1.0,,,,,,,,,,,,,,,,,,,,,,776.0,Denmark,00:48:01.000,34.0,Half End,,,,,,,,,,,,,,,,,,,,,,,,
,,,,,,,,,,,,,,,,,,,,,,,,,,,,,,,defa3873-1dda-49b7-96f1-da610838bd44,3096.0,,,,95.0,,,,,,,,,,,,,,,,,,,,,,,2.0,1.0,Regular Play,,,,,169.0,784.0,Peru,['592ec0b0-0bed-4e2e-bab7-7049ee8b9ed1'],5.0,,,,,,,,,,,,,,,,,,,,,,776.0,Denmark,00:50:05.240,34.0,Half End,,,,,,,,,,,,,,,,,,,,,,,,
,,,,,,,,,,,,,,,,,,,,,,,,,,,,,,,592ec0b0-0bed-4e2e-bab7-7049ee8b9ed1,3097.0,,,,95.0,,,,,,,,,,,,,,,,,,,,,,,2.0,1.0,Regular Play,,,,,169.0,784.0,Peru,['defa3873-1dda-49b7-96f1-da610838bd44'],7.0,,,,,,,,,,,,,,,,,,,,,,784.0,Peru,00:50:07.013,34.0,Half End,,,,,,,,,,,,,,,,,,,,,,,,
,,,,,,,,,,,,,,,,,,,,,,,,,,,,,,,c56f6f37-21bb-46a8-bfc3-56319b980de8,1860.0,,,,49.0,,,,,,,,,,,,,,,,,,,,,,,1.0,1.0,Regular Play,,,,,85.0,769.0,Colombia,['ea26f95e-a0dc-4688-ba7f-89034f491cf6'],6.0,,,,,,,,,,,,,,,,,,,,,,789.0,Poland,00:49:06.820,34.0,Half End,,,,,,,,,,,,,,,,,,,,,,,,
,,,,,,,,,,,,,,,,,,,,,,,,,,,,,,,ea26f95e-a0dc-4688-ba7f-89034f491cf6,1861.0,,,,49.0,,,,,,,,,,,,,,,,,,,,,,,1.0,1.0,Regular Play,,,,,85.0,769.0,Colombia,['c56f6f37-21bb-46a8-bfc3-56319b980de8'],6.0,,,,,,,,,,,,,,,,,,,,,,769.0,Colombia,00:49:06.820,34.0,Half End,,,,,,,,,,,,,,,,,,,,,,,,
,,,,,,,,,,,,,,,,,,,,,,,,,,,,,,,c4ac42a9-db5f-4156-b02d-19dfe3f80fc6,3749.0,,,,95.0,,,,,,,,,,,,,,,,,,,,,,,2.0,1.0,Regular Play,,,,,177.0,769.0,Colombia,['751ee2eb-384d-4b25-bb39-2fbb4252e053'],4.0,,,,,,,,,,,,,,,,,,,,,,789.0,Poland,00:50:04.573,34.0,Half End,,,,,,,,,,,,,,,,,,,,,,,,
,,,,,,,,,,,,,,,,,,,,,,,,,,,,,,,751ee2eb-384d-4b25-bb39-2fbb4252e053,3750.0,,,,95.0,,,,,,,,,,,,,,,,,,,,,,,2.0,1.0,Regular Play,,,,,177.0,769.0,Colombia,['c4ac42a9-db5f-4156-b02d-19dfe3f80fc6'],4.0,,,,,,,,,,,,,,,,,,,,,,769.0,Colombia,00:50:04.573,34.0,Half End,,,,,,,,,,,,,,,,,,,,,,,,
,,,,,,,,,,,,,,,0.0,,,,,,,,,,,,,,,,5dc18db1-cac0-407b-ab67-ff56b65c3d1b,1498.0,,,,47.0,,,,,,,,,,,,,,,,,,,,,,,1.0,4.0,From Throw In,,,,,97.0,769.0,Colombia,['ed8d547c-2193-4f33-9141-572c65a9502e'],59.0,,,,,,,,,,,,,,,,,,,,,,769.0,Colombia,00:47:59.133,34.0,Half End,,,,,,,,,,,,,,,,,,,,,,,,
,,,,,,,,,,,,,,,,,,,,,,,,,,,,,,,ed8d547c-2193-4f33-9141-572c65a9502e,1499.0,,,,48.0,,,,,,,,,,,,,,,,,,,,,,,1.0,4.0,From Throw In,,,,,97.0,769.0,Colombia,['5dc18db1-cac0-407b-ab67-ff56b65c3d1b'],0.0,,,,,,,,,,,,,,,,,,,,,,787.0,Senegal,00:48:00.733,34.0,Half End,,,,,,,,,,,,,,,,,,,,,,,,
,,,,,,,,,,,,,,,0.0,,,,,,,,,,,,,,,,565c95c8-20f9-4dda-bad4-4a7f50b45668,2815.0,,,,93.0,,,,,,,,,,,,,,,,,,,,,,,2.0,4.0,From Throw In,,,,,172.0,787.0,Senegal,['febeeeec-54f5-4d19-b41c-4b042efa9285'],59.0,,,,,,,,,,,,,,,,,,,,,,769.0,Colombia,00:48:59.147,34.0,Half End,,,,,,,,,,,,,,,,,,,,,,,,
,,,,,,,,,,,,,,,,,,,,,,,,,,,,,,,febeeeec-54f5-4d19-b41c-4b042efa9285,2816.0,,,,93.0,,,,,,,,,,,,,,,,,,,,,,,2.0,4.0,From Throw In,,,,,172.0,787.0,Senegal,['565c95c8-20f9-4dda-bad4-4a7f50b45668'],59.0,,,,,,,,,,,,,,,,,,,,,,787.0,Senegal,00:48:59.147,34.0,Half End,,,,,,,,,,,,,,,,,,,,,,,,
,,,,,,,,,,,,,,,,,,,,,,,,,,,,,,,b126bc50-3e94-4fbd-b7c3-ffeaba4f07a1,1485.0,,,,47.0,,,,,,,,,,,,,,,,,,,,,,,1.0,1.0,Regular Play,,,,,84.0,785.0,Croatia,['8459b231-dfad-4882-a5ae-0dd629221a66'],8.0,,,,,,,,,,,,,,,,,,,,,,796.0,Russia,00:47:08.253,34.0,Half End,,,,,,,,,,,,,,,,,,,,,,,,
,,,,,,,,,,,,,,,,,,,,,,,,,,,,,,,8459b231-dfad-4882-a5ae-0dd629221a66,1486.0,,,,47.0,,,,,,,,,,,,,,,,,,,,,,,1.0,1.0,Regular Play,,,,,84.0,785.0,Croatia,['b126bc50-3e94-4fbd-b7c3-ffeaba4f07a1'],8.0,,,,,,,,,,,,,,,,,,,,,,785.0,Croatia,00:47:08.253,34.0,Half End,,,,,,,,,,,,,,,,,,,,,,,,
,,,,,,,,,,,,,,,,,,,,,,,,,,,,,,,ec45bb63-17da-4b65-ab4b-5c724e0a22fc,3087.0,,,,95.0,,,,,,,,,,,,,,,,,,,,,,,2.0,3.0,From Free Kick,,,,,162.0,785.0,Croatia,['30e563db-8348-4d24-bb2f-ac43150a187b'],4.0,,,,,,,,,,,,,,,,,,,,,,796.0,Russia,00:50:04.083,34.0,Half End,,,,,,,,,,,,,,,,,,,,,,,,
,,,,,,,,,,,,,,,,,,,,,,,,,,,,,,,30e563db-8348-4d24-bb2f-ac43150a187b,3088.0,,,,95.0,,,,,,,,,,,,,,,,,,,,,,,2.0,3.0,From Free Kick,,,,,162.0,785.0,Croatia,['ec45bb63-17da-4b65-ab4b-5c724e0a22fc'],4.0,,,,,,,,,,,,,,,,,,,,,,785.0,Croatia,00:50:04.083,34.0,Half End,,,,,,,,,,,,,,,,,,,,,,,,
,,,,,,,,,,,,,,,,,,,,,,,,,,,,,,,5a07c478-bb71-4b5e-a8e0-10bc686e28bf,3575.0,,,,107.0,,,,,,,,,,,,,,,,,,,,,,,3.0,3.0,From Free Kick,,,,,196.0,796.0,Russia,['64d099cd-f1d4-4a76-90ea-7e45775c88b0'],31.0,,,,,,,,,,,,,,,,,,,,,,796.0,Russia,00:17:31.453,34.0,Half End,,,,,,,,,,,,,,,,,,,,,,,,
,,,,,,,,,,,,,,,,,,,,,,,,,,,,,,,64d099cd-f1d4-4a76-90ea-7e45775c88b0,3576.0,,,,107.0,,,,,,,,,,,,,,,,,,,,,,,3.0,3.0,From Free Kick,,,,,196.0,796.0,Russia,['5a07c478-bb71-4b5e-a8e0-10bc686e28bf'],31.0,,,,,,,,,,,,,,,,,,,,,,785.0,Croatia,00:17:31.453,34.0,Half End,,,,,,,,,,,,,,,,,,,,,,,,
,,,,,,,,,,,,,,,,,,,,,,,,,,,,,,,846964c4-88cd-4846-9f41-add5dd6a0d45,4023.0,,,,121.0,,,,,,,,,,,,,,,,,,,,,,,4.0,3.0,From Free Kick,,,,,238.0,785.0,Croatia,['0cb5fe1f-e776-4519-aaaa-d7be4ba7a3a8'],20.0,,,,,,,,,,,,,,,,,,,,,,796.0,Russia,00:16:20.683,34.0,Half End,,,,,,,,,,,,,,,,,,,,,,,,
,,,,,,,,,,,,,,,,,,,,,,,,,,,,,,,0cb5fe1f-e776-4519-aaaa-d7be4ba7a3a8,4024.0,,,,121.0,,,,,,,,,,,,,,,,,,,,,,,4.0,3.0,From Free Kick,,,,,238.0,785.0,Croatia,['846964c4-88cd-4846-9f41-add5dd6a0d45'],20.0,,,,,,,,,,,,,,,,,,,,,,785.0,Croatia,00:16:20.683,34.0,Half End,,,,,,,,,,,,,,,,,,,,,,,,
,,,,,,,,,,,,,,,,,,,,,,,,,,,,,,,95dc5c47-5c36-4aff-a5fe-954b74768916,4047.0,,,,128.0,,,,,,,,,,,,,,,,,,,,,,,5.0,5.0,Other,,,,,250.0,785.0,Croatia,['908905fd-e9ce-4937-8680-4e4d50314d27'],4.0,,,,,,,,,,,,,,,,,,,,,,785.0,Croatia,00:08:04.840,34.0,Half End,,,,,,,,,,,,,,,,,,,,,,,,
,,,,,,,,,,,,,,,,,,,,,,,,,,,,,,,908905fd-e9ce-4937-8680-4e4d50314d27,4048.0,,,,128.0,,,,,,,,,,,,,,,,,,,,,,,5.0,5.0,Other,,,,,250.0,785.0,Croatia,['95dc5c47-5c36-4aff-a5fe-954b74768916'],4.0,,,,,,,,,,,,,,,,,,,,,,796.0,Russia,00:08:04.840,34.0,Half End,,,,,,,,,,,,,,,,,,,,,,,,
,,,,,,,,,,,,,,,,,,,,,,,,,,,,,,,7742ba99-1b34-442b-b162-96998af09342,1578.0,,,,46.0,,,,,,,,,,,,,,,,,,,,,,,1.0,3.0,From Free Kick,,,,,91.0,794.0,Mexico,['4c40e978-c91d-433a-80a7-c3e8c8022239'],42.0,,,,,,,,,,,,,,,,,,,,,,791.0,South Korea,00:46:42.633,34.0,Half End,,,,,,,,,,,,,,,,,,,,,,,,
,,,,,,,,,,,,,,,,,,,,,,,,,,,,,,,4c40e978-c91d-433a-80a7-c3e8c8022239,1579.0,,,,46.0,,,,,,,,,,,,,,,,,,,,,,,1.0,3.0,From Free Kick,,,,,91.0,794.0,Mexico,['7742ba99-1b34-442b-b162-96998af09342'],43.0,,,,,,,,,,,,,,,,,,,,,,794.0,Mexico,00:46:43.260,34.0,Half End,,,,,,,,,,,,,,,,,,,,,,,,
,,,,,,,,,,,,,,,,,,,,,,,,,,,,,,,ac4d25e2-34e4-4982-afcf-4ed217c3810c,3286.0,,,,95.0,,,,,,,,,,,,,,,,,,,,,,,2.0,1.0,Regular Play,,,,,190.0,794.0,Mexico,['bda68f37-b41c-435b-bc74-d6328b850152'],9.0,,,,,,,,,,,,,,,,,,,,,,791.0,South Korea,00:50:09.173,34.0,Half End,,,,,,,,,,,,,,,,,,,,,,,,
,,,,,,,,,,,,,,,,,,,,,,,,,,,,,,,bda68f37-b41c-435b-bc74-d6328b850152,3287.0,,,,95.0,,,,,,,,,,,,,,,,,,,,,,,2.0,1.0,Regular Play,,,,,190.0,794.0,Mexico,['ac4d25e2-34e4-4982-afcf-4ed217c3810c'],9.0,,,,,,,,,,,,,,,,,,,,,,794.0,Mexico,00:50:09.173,34.0,Half End,,,,,,,,,,,,,,,,,,,,,,,,
,,,,,,,,,,,,,,,,,,,,,,,,,,,,,,,8b6192df-481c-4969-8214-2767e002f6ed,1857.0,,,,51.0,,,,,,,,,,,,,,,,,,,,,,,1.0,5.0,Other,,,,,85.0,799.0,Saudi Arabia,['ba43ef4c-9afc-4d6e-81ba-4513b47f7711'],37.0,,,,,,,,,,,,,,,,,,,,,,774.0,Egypt,00:51:37.840,34.0,Half End,,,,,,,,,,,,,,,,,,,,,,,,
,,,,,,,,,,,,,,,,,,,,,,,,,,,,,,,ba43ef4c-9afc-4d6e-81ba-4513b47f7711,1858.0,,,,51.0,,,,,,,,,,,,,,,,,,,,,,,1.0,5.0,Other,,,,,85.0,799.0,Saudi Arabia,['8b6192df-481c-4969-8214-2767e002f6ed'],37.0,,,,,,,,,,,,,,,,,,,,,,799.0,Saudi Arabia,00:51:37.840,34.0,Half End,,,,,,,,,,,,,,,,,,,,,,,,
,,,,,,,,,,,,,,,,,,,,,,,,,,,,,,,c28f8635-3288-4c21-aec7-73ea6a94d327,3831.0,,,,95.0,,,,,,,,,,,,,,,,,,,,,,,2.0,9.0,From Kick Off,,,,,169.0,774.0,Egypt,['d8ee3596-3a2a-42aa-8583-32cf5197515c'],33.0,,,,,,,,,,,,,,,,,,,,,,774.0,Egypt,00:50:33.160,34.0,Half End,,,,,,,,,,,,,,,,,,,,,,,,
,,,,,,,,,,,,,,,,,,,,,,,,,,,,,,,d8ee3596-3a2a-42aa-8583-32cf5197515c,3832.0,,,,95.0,,,,,,,,,,,,,,,,,,,,,,,2.0,9.0,From Kick Off,,,,,169.0,774.0,Egypt,['c28f8635-3288-4c21-aec7-73ea6a94d327'],33.0,,,,,,,,,,,,,,,,,,,,,,799.0,Saudi Arabia,00:50:33.160,34.0,Half End,,,,,,,,,,,,,,,,,,,,,,,,
,,,,,,,,,,,,,,,,,,,,,,,,,,,,,,,af2f56a1-00a3-4691-90aa-cde2d022c67b,1559.0,,,,47.0,,,,,,,,,,,,,,,,,,,,,,,1.0,4.0,From Throw In,,,,,88.0,788.0,Morocco,['0d696e3c-2fff-49bb-91a5-2c6d2a8222cd'],3.0,,,,,,,,,,,,,,,,,,,,,,788.0,Morocco,00:47:03.333,34.0,Half End,,,,,,,,,,,,,,,,,,,,,,,,
,,,,,,,,,,,,,,,,,,,,,,,,,,,,,,,0d696e3c-2fff-49bb-91a5-2c6d2a8222cd,1560.0,,,,47.0,,,,,,,,,,,,,,,,,,,,,,,1.0,4.0,From Throw In,,,,,88.0,788.0,Morocco,['af2f56a1-00a3-4691-90aa-cde2d022c67b'],3.0,,,,,,,,,,,,,,,,,,,,,,797.0,Iran,00:47:03.360,34.0,Half End,,,,,,,,,,,,,,,,,,,,,,,,
,,,,,,,,,,,,,,,,,,,,,,,,,,,,,,,5a455e18-45c5-456b-81f3-afb1fb0ee5eb,2874.0,,,,96.0,,,,,,,,,,,,,,,,,,,,,,,2.0,9.0,From Kick Off,,,,,174.0,788.0,Morocco,['3f1e1f67-6b6b-4990-9cbc-53064a24cf85'],2.0,,,,,,,,,,,,,,,,,,,,,,788.0,Morocco,00:51:02.960,34.0,Half End,,,,,,,,,,,,,,,,,,,,,,,,
,,,,,,,,,,,,,,,,,,,,,,,,,,,,,,,3f1e1f67-6b6b-4990-9cbc-53064a24cf85,2875.0,,,,96.0,,,,,,,,,,,,,,,,,,,,,,,2.0,9.0,From Kick Off,,,,,174.0,788.0,Morocco,['5a455e18-45c5-456b-81f3-afb1fb0ee5eb'],3.0,,,,,,,,,,,,,,,,,,,,,,797.0,Iran,00:51:03.720,34.0,Half End,,,,,,,,,,,,,,,,,,,,,,,,
,,,,,,,,,,,,,,,,,,,,,,,,,,,,,,,da33d2d8-88fb-4ec1-82f9-f915416ec79d,1806.0,,,,46.0,,,,,,,,,,,,,,,,,,,,,,,1.0,1.0,Regular Play,,,,,87.0,789.0,Poland,['acfb7f15-b1ba-4240-90b1-a2450bb0e430'],57.0,,,,,,,,,,,,,,,,,,,,,,789.0,Poland,00:46:57.593,34.0,Half End,,,,,,,,,,,,,,,,,,,,,,,,
,,,,,,,,,,,,,,,,,,,,,,,,,,,,,,,acfb7f15-b1ba-4240-90b1-a2450bb0e430,1807.0,,,,46.0,,,,,,,,,,,,,,,,,,,,,,,1.0,1.0,Regular Play,,,,,87.0,789.0,Poland,['da33d2d8-88fb-4ec1-82f9-f915416ec79d'],57.0,,,,,,,,,,,,,,,,,,,,,,787.0,Senegal,00:46:57.593,34.0,Half End,,,,,,,,,,,,,,,,,,,,,,,,
,,,,,,,,,,,,,,,,,,,,,,,,,,,,,,,019c522a-d0d6-4e19-8f3b-849df8bd5b68,3459.0,,,,94.0,,,,,,,,,,,,,,,,,,,,,,,2.0,1.0,Regular Play,,,,,169.0,787.0,Senegal,['7959a941-e1f7-4560-a010-386fd3fdc012'],16.0,,,,,,,,,,,,,,,,,,,,,,789.0,Poland,00:49:16.040,34.0,Half End,,,,,,,,,,,,,,,,,,,,,,,,
,,,,,,,,,,,,,,,,,,,,,,,,,,,,,,,7959a941-e1f7-4560-a010-386fd3fdc012,3460.0,,,,94.0,,,,,,,,,,,,,,,,,,,,,,,2.0,1.0,Regular Play,,,,,169.0,787.0,Senegal,['019c522a-d0d6-4e19-8f3b-849df8bd5b68'],16.0,,,,,,,,,,,,,,,,,,,,,,787.0,Senegal,00:49:16.040,34.0,Half End,,,,,,,,,,,,,,,,,,,,,,,,
,,,,,,,,,,,,,,,,,,,,,,,,,,,,,,,01bc402c-8f27-43a9-90d7-cd49156db2fc,1761.0,,,,47.0,,,,,,,,,,,,,,,,,,,,,,,1.0,1.0,Regular Play,,,,,115.0,786.0,Serbia,['ec2ee365-1a44-46e9-92e2-b6519a3558bd'],2.0,,,,,,,,,,,,,,,,,,,,,,786.0,Serbia,00:47:02.920,34.0,Half End,,,,,,,,,,,,,,,,,,,,,,,,
,,,,,,,,,,,,,,,,,,,,,,,,,,,,,,,ec2ee365-1a44-46e9-92e2-b6519a3558bd,1762.0,,,,47.0,,,,,,,,,,,,,,,,,,,,,,,1.0,1.0,Regular Play,,,,,115.0,786.0,Serbia,['01bc402c-8f27-43a9-90d7-cd49156db2fc'],4.0,,,,,,,,,,,,,,,,,,,,,,773.0,Switzerland,00:47:04.573,34.0,Half End,,,,,,,,,,,,,,,,,,,,,,,,
,,,,,,,,,,,,,,,,,,,,,,,,,,,,,,,ce3c8901-dbe6-47d4-ac57-45a74da99deb,3476.0,,,,95.0,,,,,,,,,,,,,,,,,,,,,,,2.0,7.0,From Goal Kick,,,,,214.0,786.0,Serbia,['eb44849b-8f4b-435d-8662-845d7e53d52e'],48.0,,,,,,,,,,,,,,,,,,,,,,773.0,Switzerland,00:50:48.453,34.0,Half End,,,,,,,,,,,,,,,,,,,,,,,,
,,,,,,,,,,,,,,,,,,,,,,,,,,,,,,,eb44849b-8f4b-435d-8662-845d7e53d52e,3477.0,,,,95.0,,,,,,,,,,,,,,,,,,,,,,,2.0,7.0,From Goal Kick,,,,,214.0,786.0,Serbia,['ce3c8901-dbe6-47d4-ac57-45a74da99deb'],48.0,,,,,,,,,,,,,,,,,,,,,,786.0,Serbia,00:50:48.453,34.0,Half End,,,,,,,,,,,,,,,,,,,,,,,,
,,,,,,,,,,,,,,,,,,,,,,,,,,,,,,,3ae1c792-fb06-45b5-abc7-67f70d692378,1475.0,,,,45.0,,,,,,,,,,,,,,,,,,,,,,,1.0,4.0,From Throw In,,,,,91.0,787.0,Senegal,['b304e18a-702e-4ba1-b041-3ef06e8b6458'],59.0,,,,,,,,,,,,,,,,,,,,,,778.0,Japan,00:45:59.327,34.0,Half End,,,,,,,,,,,,,,,,,,,,,,,,
,,,,,,,,,,,,,,,,,,,,,,,,,,,,,,,b304e18a-702e-4ba1-b041-3ef06e8b6458,1476.0,,,,45.0,,,,,,,,,,,,,,,,,,,,,,,1.0,4.0,From Throw In,,,,,91.0,787.0,Senegal,['3ae1c792-fb06-45b5-abc7-67f70d692378'],59.0,,,,,,,,,,,,,,,,,,,,,,787.0,Senegal,00:45:59.327,34.0,Half End,,,,,,,,,,,,,,,,,,,,,,,,
,,,,,,,,,,,,,,,,,,,,,,,,,,,,,,,c8855cc6-3585-40b2-9f37-995b2f0ded7e,3039.0,,,,94.0,,,,,,,,,,,,,,,,,,,,,,,2.0,3.0,From Free Kick,,,,,173.0,787.0,Senegal,['028605ff-7525-4355-9d21-27876a0b959a'],1.0,,,,,,,,,,,,,,,,,,,,,,778.0,Japan,00:49:01.853,34.0,Half End,,,,,,,,,,,,,,,,,,,,,,,,
,,,,,,,,,,,,,,,,,,,,,,,,,,,,,,,028605ff-7525-4355-9d21-27876a0b959a,3040.0,,,,94.0,,,,,,,,,,,,,,,,,,,,,,,2.0,3.0,From Free Kick,,,,,173.0,787.0,Senegal,['c8855cc6-3585-40b2-9f37-995b2f0ded7e'],1.0,,,,,,,,,,,,,,,,,,,,,,787.0,Senegal,00:49:01.853,34.0,Half End,,,,,,,,,,,,,,,,,,,,,,,,
,,,,,,,,,,,,,,,,,,,,,,,,,,,,,,,4d6f247c-e41f-467d-9055-40c0cb30642d,1908.0,,,,47.0,,,,,,,,,,,,,,,,,,,,,,,1.0,8.0,From Keeper,,,,,85.0,785.0,Croatia,['56bfb057-4b14-443b-81c3-9c7cd1b5c4a8'],15.0,,,,,,,,,,,,,,,,,,,,,,793.0,Iceland,00:47:15.200,34.0,Half End,,,,,,,,,,,,,,,,,,,,,,,,
,,,,,,,,,,,,,,,,,,,,,,,,,,,,,,,56bfb057-4b14-443b-81c3-9c7cd1b5c4a8,1909.0,,,,47.0,,,,,,,,,,,,,,,,,,,,,,,1.0,8.0,From Keeper,,,,,85.0,785.0,Croatia,['4d6f247c-e41f-467d-9055-40c0cb30642d'],15.0,,,,,,,,,,,,,,,,,,,,,,785.0,Croatia,00:47:15.200,34.0,Half End,,,,,,,,,,,,,,,,,,,,,,,,
,,,,,,,,,,,,,,,0.0,,,,,,,,,,,,,,,,2df79f3e-aeff-484d-b0a9-eb72f673b1ab,3324.0,,,,94.0,,,,,,,,,,,,,,,,,,,,,,,2.0,2.0,From Corner,,,,,171.0,793.0,Iceland,['0a31ce2b-8754-47e9-986e-3a820bedb393'],6.0,,,,,,,,,,,,,,,,,,,,,,785.0,Croatia,00:49:06.680,34.0,Half End,,,,,,,,,,,,,,,,,,,,,,,,
,,,,,,,,,,,,,,,,,,,,,,,,,,,,,,,0a31ce2b-8754-47e9-986e-3a820bedb393,3325.0,,,,94.0,,,,,,,,,,,,,,,,,,,,,,,2.0,2.0,From Corner,,,,,171.0,793.0,Iceland,['2df79f3e-aeff-484d-b0a9-eb72f673b1ab'],6.0,,,,,,,,,,,,,,,,,,,,,,793.0,Iceland,00:49:06.680,34.0,Half End,,,,,,,,,,,,,,,,,,,,,,,,
,,,,,,,,,,,,,,,,,,,,,,,,,,,,,,,4e8ceab2-1cf6-454d-b066-77774074efa9,1744.0,,,,46.0,,,,,,,,,,,,,,,,,,,,,,,1.0,1.0,Regular Play,,,,,78.0,773.0,Switzerland,['73d63f28-6abf-424d-8c26-fb7a5bfc045e'],23.0,,,,,,,,,,,,,,,,,,,,,,773.0,Switzerland,00:46:23.472,34.0,Half End,,,,,,,,,,,,,,,,,,,,,,,,
,,,,,,,,,,,,,,,,,,,,,,,,,,,,,,,73d63f28-6abf-424d-8c26-fb7a5bfc045e,1745.0,,,,46.0,,,,,,,,,,,,,,,,,,,,,,,1.0,1.0,Regular Play,,,,,78.0,773.0,Switzerland,['4e8ceab2-1cf6-454d-b066-77774074efa9'],23.0,,,,,,,,,,,,,,,,,,,,,,790.0,Sweden,00:46:23.472,34.0,Half End,,,,,,,,,,,,,,,,,,,,,,,,
,,,,,,,,,,,,,,,,,,,,,,,,,,,,,,,880e9aa0-04ea-49f0-b770-bd743969b2ee,3317.0,,,,96.0,,,,,,,,,,,,,,,,,,,,,,,2.0,3.0,From Free Kick,,,,,164.0,790.0,Sweden,['ff31728c-914d-4877-aa44-d24bdd9e735b'],15.0,,,,,,,,,,,,,,,,,,,,,,790.0,Sweden,00:51:15.773,34.0,Half End,,,,,,,,,,,,,,,,,,,,,,,,
,,,,,,,,,,,,,,,,,,,,,,,,,,,,,,,ff31728c-914d-4877-aa44-d24bdd9e735b,3318.0,,,,96.0,,,,,,,,,,,,,,,,,,,,,,,2.0,3.0,From Free Kick,,,,,164.0,790.0,Sweden,['880e9aa0-04ea-49f0-b770-bd743969b2ee'],16.0,,,,,,,,,,,,,,,,,,,,,,773.0,Switzerland,00:51:16.693,34.0,Half End,,,,,,,,,,,,,,,,,,,,,,,,
,,,,,,,,,,,,,,,,,,,,,,,,,,,,,,,87d53e05-8755-4f41-8326-d05d00de12f4,1882.0,,,,47.0,,,,,,,,,,,,,,,,,,,,,,,1.0,2.0,From Corner,,,,,85.0,776.0,Denmark,['4de55843-9ac3-414a-8036-37f3f0fc5c9a'],37.0,,,,,,,,,,,,,,,,,,,,,,771.0,France,00:47:37.080,34.0,Half End,,,,,,,,,,,,,,,,,,,,,,,,
,,,,,,,,,,,,,,,,,,,,,,,,,,,,,,,4de55843-9ac3-414a-8036-37f3f0fc5c9a,1883.0,,,,47.0,,,,,,,,,,,,,,,,,,,,,,,1.0,2.0,From Corner,,,,,85.0,776.0,Denmark,['87d53e05-8755-4f41-8326-d05d00de12f4'],37.0,,,,,,,,,,,,,,,,,,,,,,776.0,Denmark,00:47:37.080,34.0,Half End,,,,,,,,,,,,,,,,,,,,,,,,
,,,,,,,,,,,,,,,,,,,,,,,,,,,,,,,1846c372-f62d-44f4-a99c-efe155e89a49,3604.0,,,,93.0,,,,,,,,,,,,,,,,,,,,,,,2.0,1.0,Regular Play,,,,,159.0,771.0,France,['535a591a-9e93-4681-ba94-35ae60798851'],7.0,,,,,,,,,,,,,,,,,,,,,,771.0,France,00:48:07.307,34.0,Half End,,,,,,,,,,,,,,,,,,,,,,,,
,,,,,,,,,,,,,,,,,,,,,,,,,,,,,,,535a591a-9e93-4681-ba94-35ae60798851,3605.0,,,,93.0,,,,,,,,,,,,,,,,,,,,,,,2.0,1.0,Regular Play,,,,,159.0,771.0,France,['1846c372-f62d-44f4-a99c-efe155e89a49'],7.0,,,,,,,,,,,,,,,,,,,,,,776.0,Denmark,00:48:07.307,34.0,Half End,,,,,,,,,,,,,,,,,,,,,,,,
,,,,,,,,,,,,,,,0.0,,,,,,,,,,,,,,,,b8274015-ce3d-4796-8694-76fb6e9d0ffe,1582.0,,,,47.0,,,,,,,,,,,,,,,,,,,,,,,1.0,1.0,Regular Play,,,,,85.0,780.0,Portugal,['4c28582a-9364-4749-a7cb-dc7c650cad4a'],4.0,,,,,,,,,,,,,,,,,,,,,,783.0,Uruguay,00:47:04.953,34.0,Half End,,,,,,,,,,,,,,,,,,,,,,,,
,,,,,,,,,,,,,,,,,,,,,,,,,,,,,,,4c28582a-9364-4749-a7cb-dc7c650cad4a,1583.0,,,,47.0,,,,,,,,,,,,,,,,,,,,,,,1.0,1.0,Regular Play,,,,,85.0,780.0,Portugal,['b8274015-ce3d-4796-8694-76fb6e9d0ffe'],4.0,,,,,,,,,,,,,,,,,,,,,,780.0,Portugal,00:47:04.953,34.0,Half End,,,,,,,,,,,,,,,,,,,,,,,,
,,,,,,,,,,,,,,,0.0,,,,,,,,,,,,,,,,4d574a16-7a72-49e6-b693-96250ef05ae1,3197.0,,,,95.0,,,,,,,,,,,,,,,,,,,,,,,2.0,3.0,From Free Kick,,,,,178.0,780.0,Portugal,['60ad0d56-4fb1-4350-b1e2-eca83fb18edd'],57.0,,,,,,,,,,,,,,,,,,,,,,783.0,Uruguay,00:50:57.059,34.0,Half End,,,,,,,,,,,,,,,,,,,,,,,,
,,,,,,,,,,,,,,,,,,,,,,,,,,,,,,,60ad0d56-4fb1-4350-b1e2-eca83fb18edd,3198.0,,,,95.0,,,,,,,,,,,,,,,,,,,,,,,2.0,3.0,From Free Kick,,,,,178.0,780.0,Portugal,['4d574a16-7a72-49e6-b693-96250ef05ae1'],57.0,,,,,,,,,,,,,,,,,,,,,,780.0,Portugal,00:50:57.772,34.0,Half End,,,,,,,,,,,,,,,,,,,,,,,,
,,,,,,,,,,,,,,,,,,,,,,,,,,,,,,,2e673585-425d-4c3b-8efd-4dfb954c3a5f,1902.0,,,,46.0,,,,,,,,,,,,,,,,,,,,,,,1.0,1.0,Regular Play,,,,,96.0,783.0,Uruguay,['79f77c95-2b99-4148-a1ff-af6471b3802a'],13.0,,,,,,,,,,,,,,,,,,,,,,783.0,Uruguay,00:46:13.440,34.0,Half End,,,,,,,,,,,,,,,,,,,,,,,,
,,,,,,,,,,,,,,,,,,,,,,,,,,,,,,,79f77c95-2b99-4148-a1ff-af6471b3802a,1903.0,,,,46.0,,,,,,,,,,,,,,,,,,,,,,,1.0,1.0,Regular Play,,,,,96.0,783.0,Uruguay,['2e673585-425d-4c3b-8efd-4dfb954c3a5f'],13.0,,,,,,,,,,,,,,,,,,,,,,774.0,Egypt,00:46:13.440,34.0,Half End,,,,,,,,,,,,,,,,,,,,,,,,
,,,,,,,,,,,,,,,,,,,,,,,,,,,,,,,1f8f3f9a-6c8d-421c-a27a-9c102baa5ebf,3757.0,,,,96.0,,,,,,,,,,,,,,,,,,,,,,,2.0,3.0,From Free Kick,,,,,182.0,783.0,Uruguay,['2cbaf673-d10e-4d31-976e-dfea98b823e6'],9.0,,,,,,,,,,,,,,,,,,,,,,774.0,Egypt,00:51:09.240,34.0,Half End,,,,,,,,,,,,,,,,,,,,,,,,
,,,,,,,,,,,,,,,,,,,,,,,,,,,,,,,2cbaf673-d10e-4d31-976e-dfea98b823e6,3758.0,,,,96.0,,,,,,,,,,,,,,,,,,,,,,,2.0,3.0,From Free Kick,,,,,182.0,783.0,Uruguay,['1f8f3f9a-6c8d-421c-a27a-9c102baa5ebf'],9.0,,,,,,,,,,,,,,,,,,,,,,783.0,Uruguay,00:51:09.240,34.0,Half End,,,,,,,,,,,,,,,,,,,,,,,,
,,,,,,,,,,,,,,,,,,,,,,,,,,,,,,,ce9a85a3-1651-453c-9c55-8c8348f87e2a,1793.0,,,,46.0,,,,,,,,,,,,,,,,,,,,,,,1.0,2.0,From Corner,,,,,89.0,768.0,England,['318f157c-b95a-4795-b3ce-74cfd9354e7a'],12.0,,,,,,,,,,,,,,,,,,,,,,768.0,England,00:46:12.963,34.0,Half End,,,,,,,,,,,,,,,,,,,,,,,,
,,,,,,,,,,,,,,,,,,,,,,,,,,,,,,,318f157c-b95a-4795-b3ce-74cfd9354e7a,1794.0,,,,46.0,,,,,,,,,,,,,,,,,,,,,,,1.0,2.0,From Corner,,,,,89.0,768.0,England,['ce9a85a3-1651-453c-9c55-8c8348f87e2a'],12.0,,,,,,,,,,,,,,,,,,,,,,790.0,Sweden,00:46:12.963,34.0,Half End,,,,,,,,,,,,,,,,,,,,,,,,
,,,,,,,,,,,,,,,,,,,,,,,,,,,,,,,f167a466-4bee-4306-b1b1-49f9e2c72aa8,3304.0,,,,95.0,,,,,,,,,,,,,,,,,,,,,,,2.0,1.0,Regular Play,,,,,172.0,768.0,England,['831e3162-945c-446d-9260-507796a66180'],2.0,,,,,,,,,,,,,,,,,,,,,,790.0,Sweden,00:50:02.680,34.0,Half End,,,,,,,,,,,,,,,,,,,,,,,,
,,,,,,,,,,,,,,,,,,,,,,,,,,,,,,,831e3162-945c-446d-9260-507796a66180,3305.0,,,,95.0,,,,,,,,,,,,,,,,,,,,,,,2.0,1.0,Regular Play,,,,,172.0,768.0,England,['f167a466-4bee-4306-b1b1-49f9e2c72aa8'],2.0,,,,,,,,,,,,,,,,,,,,,,768.0,England,00:50:02.680,34.0,Half End,,,,,,,,,,,,,,,,,,,,,,,,
,,,,,,,,,,,,,,,,,,,,,,,,,,,,,,,2f456b6c-e730-4824-a194-942612b76871,1543.0,,,,48.0,,,,,,,,,,,,,,,,,,,,,,,1.0,7.0,From Goal Kick,,,,,84.0,784.0,Peru,['3053d691-f787-4298-a78e-edb8e48f8ea5'],0.0,,,,,,,,,,,,,,,,,,,,,,784.0,Peru,00:48:00.933,34.0,Half End,,,,,,,,,,,,,,,,,,,,,,,,
,,,,,,,,,,,,,,,,,,,,,,,,,,,,,,,3053d691-f787-4298-a78e-edb8e48f8ea5,1544.0,,,,48.0,,,,,,,,,,,,,,,,,,,,,,,1.0,7.0,From Goal Kick,,,,,84.0,784.0,Peru,['2f456b6c-e730-4824-a194-942612b76871'],1.0,,,,,,,,,,,,,,,,,,,,,,776.0,Denmark,00:48:01.000,34.0,Half End,,,,,,,,,,,,,,,,,,,,,,,,
,,,,,,,,,,,,,,,,,,,,,,,,,,,,,,,defa3873-1dda-49b7-96f1-da610838bd44,3096.0,,,,95.0,,,,,,,,,,,,,,,,,,,,,,,2.0,1.0,Regular Play,,,,,169.0,784.0,Peru,['592ec0b0-0bed-4e2e-bab7-7049ee8b9ed1'],5.0,,,,,,,,,,,,,,,,,,,,,,776.0,Denmark,00:50:05.240,34.0,Half End,,,,,,,,,,,,,,,,,,,,,,,,
,,,,,,,,,,,,,,,,,,,,,,,,,,,,,,,592ec0b0-0bed-4e2e-bab7-7049ee8b9ed1,3097.0,,,,95.0,,,,,,,,,,,,,,,,,,,,,,,2.0,1.0,Regular Play,,,,,169.0,784.0,Peru,['defa3873-1dda-49b7-96f1-da610838bd44'],7.0,,,,,,,,,,,,,,,,,,,,,,784.0,Peru,00:50:07.013,34.0,Half End,,,,,,,,,,,,,,,,,,,,,,,,
,,,,,,,,,,,,,,,,,,,,,,,,,,,,,,,c56f6f37-21bb-46a8-bfc3-56319b980de8,1860.0,,,,49.0,,,,,,,,,,,,,,,,,,,,,,,1.0,1.0,Regular Play,,,,,85.0,769.0,Colombia,['ea26f95e-a0dc-4688-ba7f-89034f491cf6'],6.0,,,,,,,,,,,,,,,,,,,,,,789.0,Poland,00:49:06.820,34.0,Half End,,,,,,,,,,,,,,,,,,,,,,,,
,,,,,,,,,,,,,,,,,,,,,,,,,,,,,,,ea26f95e-a0dc-4688-ba7f-89034f491cf6,1861.0,,,,49.0,,,,,,,,,,,,,,,,,,,,,,,1.0,1.0,Regular Play,,,,,85.0,769.0,Colombia,['c56f6f37-21bb-46a8-bfc3-56319b980de8'],6.0,,,,,,,,,,,,,,,,,,,,,,769.0,Colombia,00:49:06.820,34.0,Half End,,,,,,,,,,,,,,,,,,,,,,,,
,,,,,,,,,,,,,,,,,,,,,,,,,,,,,,,c4ac42a9-db5f-4156-b02d-19dfe3f80fc6,3749.0,,,,95.0,,,,,,,,,,,,,,,,,,,,,,,2.0,1.0,Regular Play,,,,,177.0,769.0,Colombia,['751ee2eb-384d-4b25-bb39-2fbb4252e053'],4.0,,,,,,,,,,,,,,,,,,,,,,789.0,Poland,00:50:04.573,34.0,Half End,,,,,,,,,,,,,,,,,,,,,,,,
,,,,,,,,,,,,,,,,,,,,,,,,,,,,,,,751ee2eb-384d-4b25-bb39-2fbb4252e053,3750.0,,,,95.0,,,,,,,,,,,,,,,,,,,,,,,2.0,1.0,Regular Play,,,,,177.0,769.0,Colombia,['c4ac42a9-db5f-4156-b02d-19dfe3f80fc6'],4.0,,,,,,,,,,,,,,,,,,,,,,769.0,Colombia,00:50:04.573,34.0,Half End,,,,,,,,,,,,,,,,,,,,,,,,
,,,,,,,,,,,,,,,0.0,,,,,,,,,,,,,,,,5dc18db1-cac0-407b-ab67-ff56b65c3d1b,1498.0,,,,47.0,,,,,,,,,,,,,,,,,,,,,,,1.0,4.0,From Throw In,,,,,97.0,769.0,Colombia,['ed8d547c-2193-4f33-9141-572c65a9502e'],59.0,,,,,,,,,,,,,,,,,,,,,,769.0,Colombia,00:47:59.133,34.0,Half End,,,,,,,,,,,,,,,,,,,,,,,,
,,,,,,,,,,,,,,,,,,,,,,,,,,,,,,,ed8d547c-2193-4f33-9141-572c65a9502e,1499.0,,,,48.0,,,,,,,,,,,,,,,,,,,,,,,1.0,4.0,From Throw In,,,,,97.0,769.0,Colombia,['5dc18db1-cac0-407b-ab67-ff56b65c3d1b'],0.0,,,,,,,,,,,,,,,,,,,,,,787.0,Senegal,00:48:00.733,34.0,Half End,,,,,,,,,,,,,,,,,,,,,,,,
,,,,,,,,,,,,,,,0.0,,,,,,,,,,,,,,,,565c95c8-20f9-4dda-bad4-4a7f50b45668,2815.0,,,,93.0,,,,,,,,,,,,,,,,,,,,,,,2.0,4.0,From Throw In,,,,,172.0,787.0,Senegal,['febeeeec-54f5-4d19-b41c-4b042efa9285'],59.0,,,,,,,,,,,,,,,,,,,,,,769.0,Colombia,00:48:59.147,34.0,Half End,,,,,,,,,,,,,,,,,,,,,,,,
,,,,,,,,,,,,,,,,,,,,,,,,,,,,,,,febeeeec-54f5-4d19-b41c-4b042efa9285,2816.0,,,,93.0,,,,,,,,,,,,,,,,,,,,,,,2.0,4.0,From Throw In,,,,,172.0,787.0,Senegal,['565c95c8-20f9-4dda-bad4-4a7f50b45668'],59.0,,,,,,,,,,,,,,,,,,,,,,787.0,Senegal,00:48:59.147,34.0,Half End,,,,,,,,,,,,,,,,,,,,,,,,
,,,,,,,,,,,,,,,,,,,,,,,,,,,,,,,b126bc50-3e94-4fbd-b7c3-ffeaba4f07a1,1485.0,,,,47.0,,,,,,,,,,,,,,,,,,,,,,,1.0,1.0,Regular Play,,,,,84.0,785.0,Croatia,['8459b231-dfad-4882-a5ae-0dd629221a66'],8.0,,,,,,,,,,,,,,,,,,,,,,796.0,Russia,00:47:08.253,34.0,Half End,,,,,,,,,,,,,,,,,,,,,,,,
,,,,,,,,,,,,,,,,,,,,,,,,,,,,,,,8459b231-dfad-4882-a5ae-0dd629221a66,1486.0,,,,47.0,,,,,,,,,,,,,,,,,,,,,,,1.0,1.0,Regular Play,,,,,84.0,785.0,Croatia,['b126bc50-3e94-4fbd-b7c3-ffeaba4f07a1'],8.0,,,,,,,,,,,,,,,,,,,,,,785.0,Croatia,00:47:08.253,34.0,Half End,,,,,,,,,,,,,,,,,,,,,,,,
,,,,,,,,,,,,,,,,,,,,,,,,,,,,,,,ec45bb63-17da-4b65-ab4b-5c724e0a22fc,3087.0,,,,95.0,,,,,,,,,,,,,,,,,,,,,,,2.0,3.0,From Free Kick,,,,,162.0,785.0,Croatia,['30e563db-8348-4d24-bb2f-ac43150a187b'],4.0,,,,,,,,,,,,,,,,,,,,,,796.0,Russia,00:50:04.083,34.0,Half End,,,,,,,,,,,,,,,,,,,,,,,,
,,,,,,,,,,,,,,,,,,,,,,,,,,,,,,,30e563db-8348-4d24-bb2f-ac43150a187b,3088.0,,,,95.0,,,,,,,,,,,,,,,,,,,,,,,2.0,3.0,From Free Kick,,,,,162.0,785.0,Croatia,['ec45bb63-17da-4b65-ab4b-5c724e0a22fc'],4.0,,,,,,,,,,,,,,,,,,,,,,785.0,Croatia,00:50:04.083,34.0,Half End,,,,,,,,,,,,,,,,,,,,,,,,
,,,,,,,,,,,,,,,,,,,,,,,,,,,,,,,5a07c478-bb71-4b5e-a8e0-10bc686e28bf,3575.0,,,,107.0,,,,,,,,,,,,,,,,,,,,,,,3.0,3.0,From Free Kick,,,,,196.0,796.0,Russia,['64d099cd-f1d4-4a76-90ea-7e45775c88b0'],31.0,,,,,,,,,,,,,,,,,,,,,,796.0,Russia,00:17:31.453,34.0,Half End,,,,,,,,,,,,,,,,,,,,,,,,
,,,,,,,,,,,,,,,,,,,,,,,,,,,,,,,64d099cd-f1d4-4a76-90ea-7e45775c88b0,3576.0,,,,107.0,,,,,,,,,,,,,,,,,,,,,,,3.0,3.0,From Free Kick,,,,,196.0,796.0,Russia,['5a07c478-bb71-4b5e-a8e0-10bc686e28bf'],31.0,,,,,,,,,,,,,,,,,,,,,,785.0,Croatia,00:17:31.453,34.0,Half End,,,,,,,,,,,,,,,,,,,,,,,,
,,,,,,,,,,,,,,,,,,,,,,,,,,,,,,,846964c4-88cd-4846-9f41-add5dd6a0d45,4023.0,,,,121.0,,,,,,,,,,,,,,,,,,,,,,,4.0,3.0,From Free Kick,,,,,238.0,785.0,Croatia,['0cb5fe1f-e776-4519-aaaa-d7be4ba7a3a8'],20.0,,,,,,,,,,,,,,,,,,,,,,796.0,Russia,00:16:20.683,34.0,Half End,,,,,,,,,,,,,,,,,,,,,,,,
,,,,,,,,,,,,,,,,,,,,,,,,,,,,,,,0cb5fe1f-e776-4519-aaaa-d7be4ba7a3a8,4024.0,,,,121.0,,,,,,,,,,,,,,,,,,,,,,,4.0,3.0,From Free Kick,,,,,238.0,785.0,Croatia,['846964c4-88cd-4846-9f41-add5dd6a0d45'],20.0,,,,,,,,,,,,,,,,,,,,,,785.0,Croatia,00:16:20.683,34.0,Half End,,,,,,,,,,,,,,,,,,,,,,,,
,,,,,,,,,,,,,,,,,,,,,,,,,,,,,,,95dc5c47-5c36-4aff-a5fe-954b74768916,4047.0,,,,128.0,,,,,,,,,,,,,,,,,,,,,,,5.0,5.0,Other,,,,,250.0,785.0,Croatia,['908905fd-e9ce-4937-8680-4e4d50314d27'],4.0,,,,,,,,,,,,,,,,,,,,,,785.0,Croatia,00:08:04.840,34.0,Half End,,,,,,,,,,,,,,,,,,,,,,,,
,,,,,,,,,,,,,,,,,,,,,,,,,,,,,,,908905fd-e9ce-4937-8680-4e4d50314d27,4048.0,,,,128.0,,,,,,,,,,,,,,,,,,,,,,,5.0,5.0,Other,,,,,250.0,785.0,Croatia,['95dc5c47-5c36-4aff-a5fe-954b74768916'],4.0,,,,,,,,,,,,,,,,,,,,,,796.0,Russia,00:08:04.840,34.0,Half End,,,,,,,,,,,,,,,,,,,,,,,,
,,,,,,,,,,,,,,,,,,,,,,,,,,,,,,,7742ba99-1b34-442b-b162-96998af09342,1578.0,,,,46.0,,,,,,,,,,,,,,,,,,,,,,,1.0,3.0,From Free Kick,,,,,91.0,794.0,Mexico,['4c40e978-c91d-433a-80a7-c3e8c8022239'],42.0,,,,,,,,,,,,,,,,,,,,,,791.0,South Korea,00:46:42.633,34.0,Half End,,,,,,,,,,,,,,,,,,,,,,,,
,,,,,,,,,,,,,,,,,,,,,,,,,,,,,,,4c40e978-c91d-433a-80a7-c3e8c8022239,1579.0,,,,46.0,,,,,,,,,,,,,,,,,,,,,,,1.0,3.0,From Free Kick,,,,,91.0,794.0,Mexico,['7742ba99-1b34-442b-b162-96998af09342'],43.0,,,,,,,,,,,,,,,,,,,,,,794.0,Mexico,00:46:43.260,34.0,Half End,,,,,,,,,,,,,,,,,,,,,,,,
,,,,,,,,,,,,,,,,,,,,,,,,,,,,,,,ac4d25e2-34e4-4982-afcf-4ed217c3810c,3286.0,,,,95.0,,,,,,,,,,,,,,,,,,,,,,,2.0,1.0,Regular Play,,,,,190.0,794.0,Mexico,['bda68f37-b41c-435b-bc74-d6328b850152'],9.0,,,,,,,,,,,,,,,,,,,,,,791.0,South Korea,00:50:09.173,34.0,Half End,,,,,,,,,,,,,,,,,,,,,,,,
,,,,,,,,,,,,,,,,,,,,,,,,,,,,,,,bda68f37-b41c-435b-bc74-d6328b850152,3287.0,,,,95.0,,,,,,,,,,,,,,,,,,,,,,,2.0,1.0,Regular Play,,,,,190.0,794.0,Mexico,['ac4d25e2-34e4-4982-afcf-4ed217c3810c'],9.0,,,,,,,,,,,,,,,,,,,,,,794.0,Mexico,00:50:09.173,34.0,Half End,,,,,,,,,,,,,,,,,,,,,,,,
,,,,,,,,,,,,,,,,,,,,,,,,,,,,,,,8b6192df-481c-4969-8214-2767e002f6ed,1857.0,,,,51.0,,,,,,,,,,,,,,,,,,,,,,,1.0,5.0,Other,,,,,85.0,799.0,Saudi Arabia,['ba43ef4c-9afc-4d6e-81ba-4513b47f7711'],37.0,,,,,,,,,,,,,,,,,,,,,,774.0,Egypt,00:51:37.840,34.0,Half End,,,,,,,,,,,,,,,,,,,,,,,,
,,,,,,,,,,,,,,,,,,,,,,,,,,,,,,,ba43ef4c-9afc-4d6e-81ba-4513b47f7711,1858.0,,,,51.0,,,,,,,,,,,,,,,,,,,,,,,1.0,5.0,Other,,,,,85.0,799.0,Saudi Arabia,['8b6192df-481c-4969-8214-2767e002f6ed'],37.0,,,,,,,,,,,,,,,,,,,,,,799.0,Saudi Arabia,00:51:37.840,34.0,Half End,,,,,,,,,,,,,,,,,,,,,,,,
,,,,,,,,,,,,,,,,,,,,,,,,,,,,,,,c28f8635-3288-4c21-aec7-73ea6a94d327,3831.0,,,,95.0,,,,,,,,,,,,,,,,,,,,,,,2.0,9.0,From Kick Off,,,,,169.0,774.0,Egypt,['d8ee3596-3a2a-42aa-8583-32cf5197515c'],33.0,,,,,,,,,,,,,,,,,,,,,,774.0,Egypt,00:50:33.160,34.0,Half End,,,,,,,,,,,,,,,,,,,,,,,,
,,,,,,,,,,,,,,,,,,,,,,,,,,,,,,,d8ee3596-3a2a-42aa-8583-32cf5197515c,3832.0,,,,95.0,,,,,,,,,,,,,,,,,,,,,,,2.0,9.0,From Kick Off,,,,,169.0,774.0,Egypt,['c28f8635-3288-4c21-aec7-73ea6a94d327'],33.0,,,,,,,,,,,,,,,,,,,,,,799.0,Saudi Arabia,00:50:33.160,34.0,Half End,,,,,,,,,,,,,,,,,,,,,,,,
,,,,,,,,,,,,,,,,,,,,,,,,,,,,,,,af2f56a1-00a3-4691-90aa-cde2d022c67b,1559.0,,,,47.0,,,,,,,,,,,,,,,,,,,,,,,1.0,4.0,From Throw In,,,,,88.0,788.0,Morocco,['0d696e3c-2fff-49bb-91a5-2c6d2a8222cd'],3.0,,,,,,,,,,,,,,,,,,,,,,788.0,Morocco,00:47:03.333,34.0,Half End,,,,,,,,,,,,,,,,,,,,,,,,
,,,,,,,,,,,,,,,,,,,,,,,,,,,,,,,0d696e3c-2fff-49bb-91a5-2c6d2a8222cd,1560.0,,,,47.0,,,,,,,,,,,,,,,,,,,,,,,1.0,4.0,From Throw In,,,,,88.0,788.0,Morocco,['af2f56a1-00a3-4691-90aa-cde2d022c67b'],3.0,,,,,,,,,,,,,,,,,,,,,,797.0,Iran,00:47:03.360,34.0,Half End,,,,,,,,,,,,,,,,,,,,,,,,
,,,,,,,,,,,,,,,,,,,,,,,,,,,,,,,5a455e18-45c5-456b-81f3-afb1fb0ee5eb,2874.0,,,,96.0,,,,,,,,,,,,,,,,,,,,,,,2.0,9.0,From Kick Off,,,,,174.0,788.0,Morocco,['3f1e1f67-6b6b-4990-9cbc-53064a24cf85'],2.0,,,,,,,,,,,,,,,,,,,,,,788.0,Morocco,00:51:02.960,34.0,Half End,,,,,,,,,,,,,,,,,,,,,,,,
,,,,,,,,,,,,,,,,,,,,,,,,,,,,,,,3f1e1f67-6b6b-4990-9cbc-53064a24cf85,2875.0,,,,96.0,,,,,,,,,,,,,,,,,,,,,,,2.0,9.0,From Kick Off,,,,,174.0,788.0,Morocco,['5a455e18-45c5-456b-81f3-afb1fb0ee5eb'],3.0,,,,,,,,,,,,,,,,,,,,,,797.0,Iran,00:51:03.720,34.0,Half End,,,,,,,,,,,,,,,,,,,,,,,,
,,,,,,,,,,,,,,,,,,,,,,,,,,,,,,,da33d2d8-88fb-4ec1-82f9-f915416ec79d,1806.0,,,,46.0,,,,,,,,,,,,,,,,,,,,,,,1.0,1.0,Regular Play,,,,,87.0,789.0,Poland,['acfb7f15-b1ba-4240-90b1-a2450bb0e430'],57.0,,,,,,,,,,,,,,,,,,,,,,789.0,Poland,00:46:57.593,34.0,Half End,,,,,,,,,,,,,,,,,,,,,,,,
,,,,,,,,,,,,,,,,,,,,,,,,,,,,,,,acfb7f15-b1ba-4240-90b1-a2450bb0e430,1807.0,,,,46.0,,,,,,,,,,,,,,,,,,,,,,,1.0,1.0,Regular Play,,,,,87.0,789.0,Poland,['da33d2d8-88fb-4ec1-82f9-f915416ec79d'],57.0,,,,,,,,,,,,,,,,,,,,,,787.0,Senegal,00:46:57.593,34.0,Half End,,,,,,,,,,,,,,,,,,,,,,,,
,,,,,,,,,,,,,,,,,,,,,,,,,,,,,,,019c522a-d0d6-4e19-8f3b-849df8bd5b68,3459.0,,,,94.0,,,,,,,,,,,,,,,,,,,,,,,2.0,1.0,Regular Play,,,,,169.0,787.0,Senegal,['7959a941-e1f7-4560-a010-386fd3fdc012'],16.0,,,,,,,,,,,,,,,,,,,,,,789.0,Poland,00:49:16.040,34.0,Half End,,,,,,,,,,,,,,,,,,,,,,,,
,,,,,,,,,,,,,,,,,,,,,,,,,,,,,,,7959a941-e1f7-4560-a010-386fd3fdc012,3460.0,,,,94.0,,,,,,,,,,,,,,,,,,,,,,,2.0,1.0,Regular Play,,,,,169.0,787.0,Senegal,['019c522a-d0d6-4e19-8f3b-849df8bd5b68'],16.0,,,,,,,,,,,,,,,,,,,,,,787.0,Senegal,00:49:16.040,34.0,Half End,,,,,,,,,,,,,,,,,,,,,,,,
,,,,,,,,,,,,,,,,,,,,,,,,,,,,,,,01bc402c-8f27-43a9-90d7-cd49156db2fc,1761.0,,,,47.0,,,,,,,,,,,,,,,,,,,,,,,1.0,1.0,Regular Play,,,,,115.0,786.0,Serbia,['ec2ee365-1a44-46e9-92e2-b6519a3558bd'],2.0,,,,,,,,,,,,,,,,,,,,,,786.0,Serbia,00:47:02.920,34.0,Half End,,,,,,,,,,,,,,,,,,,,,,,,
,,,,,,,,,,,,,,,,,,,,,,,,,,,,,,,ec2ee365-1a44-46e9-92e2-b6519a3558bd,1762.0,,,,47.0,,,,,,,,,,,,,,,,,,,,,,,1.0,1.0,Regular Play,,,,,115.0,786.0,Serbia,['01bc402c-8f27-43a9-90d7-cd49156db2fc'],4.0,,,,,,,,,,,,,,,,,,,,,,773.0,Switzerland,00:47:04.573,34.0,Half End,,,,,,,,,,,,,,,,,,,,,,,,
,,,,,,,,,,,,,,,,,,,,,,,,,,,,,,,ce3c8901-dbe6-47d4-ac57-45a74da99deb,3476.0,,,,95.0,,,,,,,,,,,,,,,,,,,,,,,2.0,7.0,From Goal Kick,,,,,214.0,786.0,Serbia,['eb44849b-8f4b-435d-8662-845d7e53d52e'],48.0,,,,,,,,,,,,,,,,,,,,,,773.0,Switzerland,00:50:48.453,34.0,Half End,,,,,,,,,,,,,,,,,,,,,,,,
,,,,,,,,,,,,,,,,,,,,,,,,,,,,,,,eb44849b-8f4b-435d-8662-845d7e53d52e,3477.0,,,,95.0,,,,,,,,,,,,,,,,,,,,,,,2.0,7.0,From Goal Kick,,,,,214.0,786.0,Serbia,['ce3c8901-dbe6-47d4-ac57-45a74da99deb'],48.0,,,,,,,,,,,,,,,,,,,,,,786.0,Serbia,00:50:48.453,34.0,Half End,,,,,,,,,,,,,,,,,,,,,,,,
,,,,,,,,,,,,,,,,,,,,,,,,,,,,,,,3ae1c792-fb06-45b5-abc7-67f70d692378,1475.0,,,,45.0,,,,,,,,,,,,,,,,,,,,,,,1.0,4.0,From Throw In,,,,,91.0,787.0,Senegal,['b304e18a-702e-4ba1-b041-3ef06e8b6458'],59.0,,,,,,,,,,,,,,,,,,,,,,778.0,Japan,00:45:59.327,34.0,Half End,,,,,,,,,,,,,,,,,,,,,,,,
,,,,,,,,,,,,,,,,,,,,,,,,,,,,,,,b304e18a-702e-4ba1-b041-3ef06e8b6458,1476.0,,,,45.0,,,,,,,,,,,,,,,,,,,,,,,1.0,4.0,From Throw In,,,,,91.0,787.0,Senegal,['3ae1c792-fb06-45b5-abc7-67f70d692378'],59.0,,,,,,,,,,,,,,,,,,,,,,787.0,Senegal,00:45:59.327,34.0,Half End,,,,,,,,,,,,,,,,,,,,,,,,
,,,,,,,,,,,,,,,,,,,,,,,,,,,,,,,c8855cc6-3585-40b2-9f37-995b2f0ded7e,3039.0,,,,94.0,,,,,,,,,,,,,,,,,,,,,,,2.0,3.0,From Free Kick,,,,,173.0,787.0,Senegal,['028605ff-7525-4355-9d21-27876a0b959a'],1.0,,,,,,,,,,,,,,,,,,,,,,778.0,Japan,00:49:01.853,34.0,Half End,,,,,,,,,,,,,,,,,,,,,,,,
,,,,,,,,,,,,,,,,,,,,,,,,,,,,,,,028605ff-7525-4355-9d21-27876a0b959a,3040.0,,,,94.0,,,,,,,,,,,,,,,,,,,,,,,2.0,3.0,From Free Kick,,,,,173.0,787.0,Senegal,['c8855cc6-3585-40b2-9f37-995b2f0ded7e'],1.0,,,,,,,,,,,,,,,,,,,,,,787.0,Senegal,00:49:01.853,34.0,Half End,,,,,,,,,,,,,,,,,,,,,,,,
,,,,,,,,,,,,,,,,,,,,,,,,,,,,,,,4d6f247c-e41f-467d-9055-40c0cb30642d,1908.0,,,,47.0,,,,,,,,,,,,,,,,,,,,,,,1.0,8.0,From Keeper,,,,,85.0,785.0,Croatia,['56bfb057-4b14-443b-81c3-9c7cd1b5c4a8'],15.0,,,,,,,,,,,,,,,,,,,,,,793.0,Iceland,00:47:15.200,34.0,Half End,,,,,,,,,,,,,,,,,,,,,,,,
,,,,,,,,,,,,,,,,,,,,,,,,,,,,,,,56bfb057-4b14-443b-81c3-9c7cd1b5c4a8,1909.0,,,,47.0,,,,,,,,,,,,,,,,,,,,,,,1.0,8.0,From Keeper,,,,,85.0,785.0,Croatia,['4d6f247c-e41f-467d-9055-40c0cb30642d'],15.0,,,,,,,,,,,,,,,,,,,,,,785.0,Croatia,00:47:15.200,34.0,Half End,,,,,,,,,,,,,,,,,,,,,,,,
,,,,,,,,,,,,,,,0.0,,,,,,,,,,,,,,,,2df79f3e-aeff-484d-b0a9-eb72f673b1ab,3324.0,,,,94.0,,,,,,,,,,,,,,,,,,,,,,,2.0,2.0,From Corner,,,,,171.0,793.0,Iceland,['0a31ce2b-8754-47e9-986e-3a820bedb393'],6.0,,,,,,,,,,,,,,,,,,,,,,785.0,Croatia,00:49:06.680,34.0,Half End,,,,,,,,,,,,,,,,,,,,,,,,
,,,,,,,,,,,,,,,,,,,,,,,,,,,,,,,0a31ce2b-8754-47e9-986e-3a820bedb393,3325.0,,,,94.0,,,,,,,,,,,,,,,,,,,,,,,2.0,2.0,From Corner,,,,,171.0,793.0,Iceland,['2df79f3e-aeff-484d-b0a9-eb72f673b1ab'],6.0,,,,,,,,,,,,,,,,,,,,,,793.0,Iceland,00:49:06.680,34.0,Half End,,,,,,,,,,,,,,,,,,,,,,,,
,,,,,,,,,,,,,,,,,,,,,,,,,,,,,,,4e8ceab2-1cf6-454d-b066-77774074efa9,1744.0,,,,46.0,,,,,,,,,,,,,,,,,,,,,,,1.0,1.0,Regular Play,,,,,78.0,773.0,Switzerland,['73d63f28-6abf-424d-8c26-fb7a5bfc045e'],23.0,,,,,,,,,,,,,,,,,,,,,,773.0,Switzerland,00:46:23.472,34.0,Half End,,,,,,,,,,,,,,,,,,,,,,,,
,,,,,,,,,,,,,,,,,,,,,,,,,,,,,,,73d63f28-6abf-424d-8c26-fb7a5bfc045e,1745.0,,,,46.0,,,,,,,,,,,,,,,,,,,,,,,1.0,1.0,Regular Play,,,,,78.0,773.0,Switzerland,['4e8ceab2-1cf6-454d-b066-77774074efa9'],23.0,,,,,,,,,,,,,,,,,,,,,,790.0,Sweden,00:46:23.472,34.0,Half End,,,,,,,,,,,,,,,,,,,,,,,,
,,,,,,,,,,,,,,,,,,,,,,,,,,,,,,,880e9aa0-04ea-49f0-b770-bd743969b2ee,3317.0,,,,96.0,,,,,,,,,,,,,,,,,,,,,,,2.0,3.0,From Free Kick,,,,,164.0,790.0,Sweden,['ff31728c-914d-4877-aa44-d24bdd9e735b'],15.0,,,,,,,,,,,,,,,,,,,,,,790.0,Sweden,00:51:15.773,34.0,Half End,,,,,,,,,,,,,,,,,,,,,,,,
,,,,,,,,,,,,,,,,,,,,,,,,,,,,,,,ff31728c-914d-4877-aa44-d24bdd9e735b,3318.0,,,,96.0,,,,,,,,,,,,,,,,,,,,,,,2.0,3.0,From Free Kick,,,,,164.0,790.0,Sweden,['880e9aa0-04ea-49f0-b770-bd743969b2ee'],16.0,,,,,,,,,,,,,,,,,,,,,,773.0,Switzerland,00:51:16.693,34.0,Half End,,,,,,,,,,,,,,,,,,,,,,,,
,,,,,,,,,,,,,,,,,,,,,,,,,,,,,,,87d53e05-8755-4f41-8326-d05d00de12f4,1882.0,,,,47.0,,,,,,,,,,,,,,,,,,,,,,,1.0,2.0,From Corner,,,,,85.0,776.0,Denmark,['4de55843-9ac3-414a-8036-37f3f0fc5c9a'],37.0,,,,,,,,,,,,,,,,,,,,,,771.0,France,00:47:37.080,34.0,Half End,,,,,,,,,,,,,,,,,,,,,,,,
,,,,,,,,,,,,,,,,,,,,,,,,,,,,,,,4de55843-9ac3-414a-8036-37f3f0fc5c9a,1883.0,,,,47.0,,,,,,,,,,,,,,,,,,,,,,,1.0,2.0,From Corner,,,,,85.0,776.0,Denmark,['87d53e05-8755-4f41-8326-d05d00de12f4'],37.0,,,,,,,,,,,,,,,,,,,,,,776.0,Denmark,00:47:37.080,34.0,Half End,,,,,,,,,,,,,,,,,,,,,,,,
,,,,,,,,,,,,,,,,,,,,,,,,,,,,,,,1846c372-f62d-44f4-a99c-efe155e89a49,3604.0,,,,93.0,,,,,,,,,,,,,,,,,,,,,,,2.0,1.0,Regular Play,,,,,159.0,771.0,France,['535a591a-9e93-4681-ba94-35ae60798851'],7.0,,,,,,,,,,,,,,,,,,,,,,771.0,France,00:48:07.307,34.0,Half End,,,,,,,,,,,,,,,,,,,,,,,,
,,,,,,,,,,,,,,,,,,,,,,,,,,,,,,,535a591a-9e93-4681-ba94-35ae60798851,3605.0,,,,93.0,,,,,,,,,,,,,,,,,,,,,,,2.0,1.0,Regular Play,,,,,159.0,771.0,France,['1846c372-f62d-44f4-a99c-efe155e89a49'],7.0,,,,,,,,,,,,,,,,,,,,,,776.0,Denmark,00:48:07.307,34.0,Half End,,,,,,,,,,,,,,,,,,,,,,,,
,,,,,,,,,,,,,,,0.0,,,,,,,,,,,,,,,,b8274015-ce3d-4796-8694-76fb6e9d0ffe,1582.0,,,,47.0,,,,,,,,,,,,,,,,,,,,,,,1.0,1.0,Regular Play,,,,,85.0,780.0,Portugal,['4c28582a-9364-4749-a7cb-dc7c650cad4a'],4.0,,,,,,,,,,,,,,,,,,,,,,783.0,Uruguay,00:47:04.953,34.0,Half End,,,,,,,,,,,,,,,,,,,,,,,,
,,,,,,,,,,,,,,,,,,,,,,,,,,,,,,,4c28582a-9364-4749-a7cb-dc7c650cad4a,1583.0,,,,47.0,,,,,,,,,,,,,,,,,,,,,,,1.0,1.0,Regular Play,,,,,85.0,780.0,Portugal,['b8274015-ce3d-4796-8694-76fb6e9d0ffe'],4.0,,,,,,,,,,,,,,,,,,,,,,780.0,Portugal,00:47:04.953,34.0,Half End,,,,,,,,,,,,,,,,,,,,,,,,
,,,,,,,,,,,,,,,0.0,,,,,,,,,,,,,,,,4d574a16-7a72-49e6-b693-96250ef05ae1,3197.0,,,,95.0,,,,,,,,,,,,,,,,,,,,,,,2.0,3.0,From Free Kick,,,,,178.0,780.0,Portugal,['60ad0d56-4fb1-4350-b1e2-eca83fb18edd'],57.0,,,,,,,,,,,,,,,,,,,,,,783.0,Uruguay,00:50:57.059,34.0,Half End,,,,,,,,,,,,,,,,,,,,,,,,
,,,,,,,,,,,,,,,,,,,,,,,,,,,,,,,60ad0d56-4fb1-4350-b1e2-eca83fb18edd,3198.0,,,,95.0,,,,,,,,,,,,,,,,,,,,,,,2.0,3.0,From Free Kick,,,,,178.0,780.0,Portugal,['4d574a16-7a72-49e6-b693-96250ef05ae1'],57.0,,,,,,,,,,,,,,,,,,,,,,780.0,Portugal,00:50:57.772,34.0,Half End,,,,,,,,,,,,,,,,,,,,,,,,
,,,,,,,,,,,,,,,,,,,,,,,,,,,,,,,2e673585-425d-4c3b-8efd-4dfb954c3a5f,1902.0,,,,46.0,,,,,,,,,,,,,,,,,,,,,,,1.0,1.0,Regular Play,,,,,96.0,783.0,Uruguay,['79f77c95-2b99-4148-a1ff-af6471b3802a'],13.0,,,,,,,,,,,,,,,,,,,,,,783.0,Uruguay,00:46:13.440,34.0,Half End,,,,,,,,,,,,,,,,,,,,,,,,
,,,,,,,,,,,,,,,,,,,,,,,,,,,,,,,79f77c95-2b99-4148-a1ff-af6471b3802a,1903.0,,,,46.0,,,,,,,,,,,,,,,,,,,,,,,1.0,1.0,Regular Play,,,,,96.0,783.0,Uruguay,['2e673585-425d-4c3b-8efd-4dfb954c3a5f'],13.0,,,,,,,,,,,,,,,,,,,,,,774.0,Egypt,00:46:13.440,34.0,Half End,,,,,,,,,,,,,,,,,,,,,,,,
,,,,,,,,,,,,,,,,,,,,,,,,,,,,,,,1f8f3f9a-6c8d-421c-a27a-9c102baa5ebf,3757.0,,,,96.0,,,,,,,,,,,,,,,,,,,,,,,2.0,3.0,From Free Kick,,,,,182.0,783.0,Uruguay,['2cbaf673-d10e-4d31-976e-dfea98b823e6'],9.0,,,,,,,,,,,,,,,,,,,,,,774.0,Egypt,00:51:09.240,34.0,Half End,,,,,,,,,,,,,,,,,,,,,,,,
,,,,,,,,,,,,,,,,,,,,,,,,,,,,,,,2cbaf673-d10e-4d31-976e-dfea98b823e6,3758.0,,,,96.0,,,,,,,,,,,,,,,,,,,,,,,2.0,3.0,From Free Kick,,,,,182.0,783.0,Uruguay,['1f8f3f9a-6c8d-421c-a27a-9c102baa5ebf'],9.0,,,,,,,,,,,,,,,,,,,,,,783.0,Uruguay,00:51:09.240,34.0,Half End,,,,,,,,,,,,,,,,,,,,,,,,
,,,,,,,,,,,,,,,,,,,,,,,,,,,,,,,ce9a85a3-1651-453c-9c55-8c8348f87e2a,1793.0,,,,46.0,,,,,,,,,,,,,,,,,,,,,,,1.0,2.0,From Corner,,,,,89.0,768.0,England,['318f157c-b95a-4795-b3ce-74cfd9354e7a'],12.0,,,,,,,,,,,,,,,,,,,,,,768.0,England,00:46:12.963,34.0,Half End,,,,,,,,,,,,,,,,,,,,,,,,
,,,,,,,,,,,,,,,,,,,,,,,,,,,,,,,318f157c-b95a-4795-b3ce-74cfd9354e7a,1794.0,,,,46.0,,,,,,,,,,,,,,,,,,,,,,,1.0,2.0,From Corner,,,,,89.0,768.0,England,['ce9a85a3-1651-453c-9c55-8c8348f87e2a'],12.0,,,,,,,,,,,,,,,,,,,,,,790.0,Sweden,00:46:12.963,34.0,Half End,,,,,,,,,,,,,,,,,,,,,,,,
,,,,,,,,,,,,,,,,,,,,,,,,,,,,,,,f167a466-4bee-4306-b1b1-49f9e2c72aa8,3304.0,,,,95.0,,,,,,,,,,,,,,,,,,,,,,,2.0,1.0,Regular Play,,,,,172.0,768.0,England,['831e3162-945c-446d-9260-507796a66180'],2.0,,,,,,,,,,,,,,,,,,,,,,790.0,Sweden,00:50:02.680,34.0,Half End,,,,,,,,,,,,,,,,,,,,,,,,
,,,,,,,,,,,,,,,,,,,,,,,,,,,,,,,831e3162-945c-446d-9260-507796a66180,3305.0,,,,95.0,,,,,,,,,,,,,,,,,,,,,,,2.0,1.0,Regular Play,,,,,172.0,768.0,England,['f167a466-4bee-4306-b1b1-49f9e2c72aa8'],2.0,,,,,,,,,,,,,,,,,,,,,,768.0,England,00:50:02.680,34.0,Half End,,,,,,,,,,,,,,,,,,,,,,,,
,,,,,,,,,,,,,,,,,,,,,,,,,,,,,,,704978da-ad7e-4bd2-9365-720cec2dec12,1725.0,,,,46.0,,,,,,,,,,,,,,,,,,,,,,,1.0,1.0,Regular Play,,,,,65.0,793.0,Iceland,['0c21e268-a437-4bb3-9feb-3785afb7c273'],6.0,,,,,,,,,,,,,,,,,,,,,,779.0,Argentina,00:46:06.913,34.0,Half End,,,,,,,,,,,,,,,,,,,,,,,,
,,,,,,,,,,,,,,,,,,,,,,,,,,,,,,,0c21e268-a437-4bb3-9feb-3785afb7c273,1726.0,,,,46.0,,,,,,,,,,,,,,,,,,,,,,,1.0,1.0,Regular Play,,,,,65.0,793.0,Iceland,['704978da-ad7e-4bd2-9365-720cec2dec12'],6.0,,,,,,,,,,,,,,,,,,,,,,793.0,Iceland,00:46:06.913,34.0,Half End,,,,,,,,,,,,,,,,,,,,,,,,
,,,,,,,,,,,,,,,,,,,,,,,,,,,,,,,e1b2ec33-bd77-4dc0-a313-a5b9246e1855,3599.0,,,,95.0,,,,,,,,,,,,,,,,,,,,,,,2.0,3.0,From Free Kick,,,,,138.0,779.0,Argentina,['335bfaa9-9ff7-44ec-afa1-97c29655cdae'],0.0,,,,,,,,,,,,,,,,,,,,,,793.0,Iceland,00:50:00.093,34.0,Half End,,,,,,,,,,,,,,,,,,,,,,,,
,,,,,,,,,,,,,,,,,,,,,,,,,,,,,,,335bfaa9-9ff7-44ec-afa1-97c29655cdae,3600.0,,,,95.0,,,,,,,,,,,,,,,,,,,,,,,2.0,3.0,From Free Kick,,,,,138.0,779.0,Argentina,['e1b2ec33-bd77-4dc0-a313-a5b9246e1855'],1.0,,,,,,,,,,,,,,,,,,,,,,779.0,Argentina,00:50:01.320,34.0,Half End,,,,,,,,,,,,,,,,,,,,,,,,
,,,,,,,,,,,,,,,,,,,,,,,,,,,,,,,d11b07e9-96fc-45e1-b955-d6d6702c3fce,1694.0,,,,49.0,,,,,,,,,,,,,,,,,,,,,,,1.0,1.0,Regular Play,,,,,118.0,782.0,Belgium,['d2740295-249c-4907-92be-4713b1059edd'],10.0,,,,,,,,,,,,,,,,,,,,,,782.0,Belgium,00:49:10.660,34.0,Half End,,,,,,,,,,,,,,,,,,,,,,,,
,,,,,,,,,,,,,,,,,,,,,,,,,,,,,,,d2740295-249c-4907-92be-4713b1059edd,1695.0,,,,49.0,,,,,,,,,,,,,,,,,,,,,,,1.0,1.0,Regular Play,,,,,118.0,782.0,Belgium,['d11b07e9-96fc-45e1-b955-d6d6702c3fce'],10.0,,,,,,,,,,,,,,,,,,,,,,777.0,Tunisia,00:49:10.660,34.0,Half End,,,,,,,,,,,,,,,,,,,,,,,,
,,,,,,,,,,,,,,,,,,,,,,,,,,,,,,,00c07daf-457a-4fb0-a15f-d224c5c4a63b,3483.0,,,,93.0,,,,,,,,,,,,,,,,,,,,,,,2.0,1.0,Regular Play,,,,,220.0,782.0,Belgium,['1d99dccf-8a6a-4907-9c3a-af192d9cc81f'],7.0,,,,,,,,,,,,,,,,,,,,,,782.0,Belgium,00:48:07.000,34.0,Half End,,,,,,,,,,,,,,,,,,,,,,,,
,,,,,,,,,,,,,,,,,,,,,,,,,,,,,,,1d99dccf-8a6a-4907-9c3a-af192d9cc81f,3484.0,,,,93.0,,,,,,,,,,,,,,,,,,,,,,,2.0,1.0,Regular Play,,,,,220.0,782.0,Belgium,['00c07daf-457a-4fb0-a15f-d224c5c4a63b'],7.0,,,,,,,,,,,,,,,,,,,,,,777.0,Tunisia,00:48:07.000,34.0,Half End,,,,,,,,,,,,,,,,,,,,,,,,
,,,,,,,,,,,,,,,0.0,,,,,,,,,,,,,,,,70d09d13-6fae-4341-a52d-0e4018f59094,1331.0,,,,48.0,,,,,,,,,,,,,,,,,,,,,,,1.0,3.0,From Free Kick,,,,,91.0,771.0,France,['50f715db-b1d2-47a4-a458-d64acdf65cdc'],26.0,,,,,,,,,,,,,,,,,,,,,,771.0,France,00:48:26.080,34.0,Half End,,,,,,,,,,,,,,,,,,,,,,,,
,,,,,,,,,,,,,,,0.0,,,,,,,,,,,,,,,,50f715db-b1d2-47a4-a458-d64acdf65cdc,1332.0,,,,48.0,,,,,,,,,,,,,,,,,,,,,,,1.0,3.0,From Free Kick,,,,,91.0,771.0,France,['70d09d13-6fae-4341-a52d-0e4018f59094'],26.0,,,,,,,,,,,,,,,,,,,,,,785.0,Croatia,00:48:26.080,34.0,Half End,,,,,,,,,,,,,,,,,,,,,,,,
,,,,,,,,,,,,,,,0.0,,,,,,,,,,,,,,,,b8b327be-086b-4019-b95b-99e2bd704ef2,2977.0,,,,95.0,,,,,,,,,,,,,,,,,,,,,,,2.0,8.0,From Keeper,,,,,182.0,771.0,France,['c45903af-467a-4ea2-8b31-bf2102ee7a65'],3.0,,,,,,,,,,,,,,,,,,,,,,771.0,France,00:50:03.760,34.0,Half End,,,,,,,,,,,,,,,,,,,,,,,,
,,,,,,,,,,,,,,,0.0,,,,,,,,,,,,,,,,c45903af-467a-4ea2-8b31-bf2102ee7a65,2978.0,,,,95.0,,,,,,,,,,,,,,,,,,,,,,,2.0,8.0,From Keeper,,,,,182.0,771.0,France,['b8b327be-086b-4019-b95b-99e2bd704ef2'],3.0,,,,,,,,,,,,,,,,,,,,,,785.0,Croatia,00:50:03.760,34.0,Half End,,,,,,,,,,,,,,,,,,,,,,,,
,,,,,,,,,,,,,,,,,,,,,,,,,,,,,,,38d9db7f-cedf-4363-b016-2b0ad34672ec,1650.0,,,,49.0,,,,,,,,,,,,,,,,,,,,,,,1.0,3.0,From Free Kick,,,,,82.0,768.0,England,['b3e4ee34-51d4-4273-8776-82cbd16b04f5'],53.0,,,,,,,,,,,,,,,,,,,,,,768.0,England,00:49:53.280,34.0,Half End,,,,,,,,,,,,,,,,,,,,,,,,
,,,,,,,,,,,,,,,,,,,,,,,,,,,,,,,b3e4ee34-51d4-4273-8776-82cbd16b04f5,1651.0,,,,49.0,,,,,,,,,,,,,,,,,,,,,,,1.0,3.0,From Free Kick,,,,,82.0,768.0,England,['38d9db7f-cedf-4363-b016-2b0ad34672ec'],53.0,,,,,,,,,,,,,,,,,,,,,,769.0,Colombia,00:49:53.280,34.0,Half End,,,,,,,,,,,,,,,,,,,,,,,,
,,,,,,,,,,,,,,,,,,,,,,,,,,,,,,,8ab577fd-8eb7-4213-a966-b0c4f61e0789,2957.0,,,,96.0,,,,,,,,,,,,,,,,,,,,,,,2.0,1.0,Regular Play,,,,,158.0,769.0,Colombia,['d0f61954-d439-45c0-98d9-de4acdf085d0'],6.0,,,,,,,,,,,,,,,,,,,,,,769.0,Colombia,00:51:06.733,34.0,Half End,,,,,,,,,,,,,,,,,,,,,,,,
,,,,,,,,,,,,,,,,,,,,,,,,,,,,,,,d0f61954-d439-45c0-98d9-de4acdf085d0,2958.0,,,,96.0,,,,,,,,,,,,,,,,,,,,,,,2.0,1.0,Regular Play,,,,,158.0,769.0,Colombia,['8ab577fd-8eb7-4213-a966-b0c4f61e0789'],8.0,,,,,,,,,,,,,,,,,,,,,,768.0,England,00:51:08.160,34.0,Half End,,,,,,,,,,,,,,,,,,,,,,,,
,,,,,,,,,,,,,,,,,,,,,,,,,,,,,,,a08bdcd4-df7e-404d-b64f-41c130c0b742,3482.0,,,,106.0,,,,,,,,,,,,,,,,,,,,,,,3.0,3.0,From Free Kick,,,,,183.0,768.0,England,['2c5c13ea-783e-4542-b73c-76b753169ce9'],29.0,,,,,,,,,,,,,,,,,,,,,,768.0,England,00:16:29.000,34.0,Half End,,,,,,,,,,,,,,,,,,,,,,,,
,,,,,,,,,,,,,,,,,,,,,,,,,,,,,,,2c5c13ea-783e-4542-b73c-76b753169ce9,3483.0,,,,106.0,,,,,,,,,,,,,,,,,,,,,,,3.0,3.0,From Free Kick,,,,,183.0,768.0,England,['a08bdcd4-df7e-404d-b64f-41c130c0b742'],29.0,,,,,,,,,,,,,,,,,,,,,,769.0,Colombia,00:16:29.000,34.0,Half End,,,,,,,,,,,,,,,,,,,,,,,,
,,,,,,,,,,,,,,,,,,,,,,,,,,,,,,,b8032661-6547-4500-93b2-633ed5c9480e,3994.0,,,,121.0,,,,,,,,,,,,,,,,,,,,,,,4.0,1.0,Regular Play,,,,,215.0,768.0,England,['108449a2-fac5-4eb4-bfc4-c86fceae1b47'],9.0,,,,,,,,,,,,,,,,,,,,,,768.0,England,00:16:09.160,34.0,Half End,,,,,,,,,,,,,,,,,,,,,,,,
,,,,,,,,,,,,,,,,,,,,,,,,,,,,,,,108449a2-fac5-4eb4-bfc4-c86fceae1b47,3995.0,,,,121.0,,,,,,,,,,,,,,,,,,,,,,,4.0,1.0,Regular Play,,,,,215.0,768.0,England,['b8032661-6547-4500-93b2-633ed5c9480e'],10.0,,,,,,,,,,,,,,,,,,,,,,769.0,Colombia,00:16:10.640,34.0,Half End,,,,,,,,,,,,,,,,,,,,,,,,
,,,,,,,,,,,,,,,,,,,,,,,,,,,,,,,0786c8e5-9cd7-44fa-9c87-1dc5be55a9a4,4018.0,,,,127.0,,,,,,,,,,,,,,,,,,,,,,,5.0,5.0,Other,,,,,227.0,768.0,England,['6c3b6707-b480-48fa-a2ff-d72333a70cea'],18.0,,,,,,,,,,,,,,,,,,,,,,768.0,England,00:07:18.253,34.0,Half End,,,,,,,,,,,,,,,,,,,,,,,,
,,,,,,,,,,,,,,,5.0,,,,,,,,,,,,,,,,6c3b6707-b480-48fa-a2ff-d72333a70cea,4019.0,,,,127.0,,,,,,,,,,,,,,,,,,,,,,,5.0,5.0,Other,,,,,227.0,768.0,England,['0786c8e5-9cd7-44fa-9c87-1dc5be55a9a4'],18.0,,,,,,,,,,,,,,,,,,,,,,769.0,Colombia,00:07:18.253,34.0,Half End,,,,,,,,,,,,,,,,,,,,,,,,
,,,,,,,,,,,,,,,,,,,,,,,,,,,,,,,5d767a54-cdcf-4967-bb67-446f5112f345,1377.0,,,,48.0,,,,,,,,,,,,,,,,,,,,,,,1.0,1.0,Regular Play,,,,,62.0,768.0,England,['195e09fc-6646-4a97-861f-220a87f4b38b'],4.0,,,,,,,,,,,,,,,,,,,,,,768.0,England,00:48:04.510,34.0,Half End,,,,,,,,,,,,,,,,,,,,,,,,
,,,,,,,,,,,,,,,,,,,,,,,,,,,,,,,195e09fc-6646-4a97-861f-220a87f4b38b,1378.0,,,,48.0,,,,,,,,,,,,,,,,,,,,,,,1.0,1.0,Regular Play,,,,,62.0,768.0,England,['5d767a54-cdcf-4967-bb67-446f5112f345'],4.0,,,,,,,,,,,,,,,,,,,,,,798.0,Panama,00:48:04.510,34.0,Half End,,,,,,,,,,,,,,,,,,,,,,,,
,,,,,,,,,,,,,,,,,,,,,,,,,,,,,,,0e8476c8-a1d2-4fab-a353-ac7c0dfcede5,3574.0,,,,94.0,,,,,,,,,,,,,,,,,,,,,,,2.0,7.0,From Goal Kick,,,,,130.0,768.0,England,['08ebdd10-a209-4462-88e9-f3752157d399'],23.0,,,,,,,,,,,,,,,,,,,,,,768.0,England,00:49:23.853,34.0,Half End,,,,,,,,,,,,,,,,,,,,,,,,
,,,,,,,,,,,,,,,,,,,,,,,,,,,,,,,08ebdd10-a209-4462-88e9-f3752157d399,3575.0,,,,94.0,,,,,,,,,,,,,,,,,,,,,,,2.0,7.0,From Goal Kick,,,,,130.0,768.0,England,['0e8476c8-a1d2-4fab-a353-ac7c0dfcede5'],23.0,,,,,,,,,,,,,,,,,,,,,,798.0,Panama,00:49:23.853,34.0,Half End,,,,,,,,,,,,,,,,,,,,,,,,
,,,,,,,,,,,,,,,,,,,,,,,,,,,,,,,6c80db0a-4053-4de6-b052-b5e7754905a8,1647.0,,,,48.0,,,,,,,,,,,,,,,,,,,,,,,1.0,3.0,From Free Kick,,,,,104.0,780.0,Portugal,['7132fa1f-6b2b-417c-b187-a5e609aa4741'],3.0,,,,,,,,,,,,,,,,,,,,,,780.0,Portugal,00:48:03.673,34.0,Half End,,,,,,,,,,,,,,,,,,,,,,,,
,,,,,,,,,,,,,,,,,,,,,,,,,,,,,,,7132fa1f-6b2b-417c-b187-a5e609aa4741,1648.0,,,,48.0,,,,,,,,,,,,,,,,,,,,,,,1.0,3.0,From Free Kick,,,,,104.0,780.0,Portugal,['6c80db0a-4053-4de6-b052-b5e7754905a8'],3.0,,,,,,,,,,,,,,,,,,,,,,788.0,Morocco,00:48:03.673,34.0,Half End,,,,,,,,,,,,,,,,,,,,,,,,
,,,,,,,,,,,,,,,,,,,,,,,,,,,,,,,5b436fdb-189a-43ac-bab6-b275a8d52a58,3242.0,,,,95.0,,,,,,,,,,,,,,,,,,,,,,,2.0,1.0,Regular Play,,,,,193.0,780.0,Portugal,['f06a819c-52b1-44c3-8eb8-4c4df80bc1bf'],6.0,,,,,,,,,,,,,,,,,,,,,,780.0,Portugal,00:50:06.200,34.0,Half End,,,,,,,,,,,,,,,,,,,,,,,,
,,,,,,,,,,,,,,,,,,,,,,,,,,,,,,,f06a819c-52b1-44c3-8eb8-4c4df80bc1bf,3243.0,,,,95.0,,,,,,,,,,,,,,,,,,,,,,,2.0,1.0,Regular Play,,,,,193.0,780.0,Portugal,['5b436fdb-189a-43ac-bab6-b275a8d52a58'],6.0,,,,,,,,,,,,,,,,,,,,,,788.0,Morocco,00:50:06.200,34.0,Half End,,,,,,,,,,,,,,,,,,,,,,,,
,,,,,,,,,,,,,,,,,,,,,,,,,,,,,,,e13b33aa-621b-403c-8ad5-a13d92d3b6fc,1784.0,,,,47.0,,,,,,,,,,,,,,,,,,,,,,,1.0,3.0,From Free Kick,,,,,78.0,790.0,Sweden,['6ade91a0-f1ec-4d1d-b5d8-7961b5b28e52'],7.0,,,,,,,,,,,,,,,,,,,,,,770.0,Germany,00:47:07.633,34.0,Half End,,,,,,,,,,,,,,,,,,,,,,,,
,,,,,,,,,,,,,,,,,,,,,,,,,,,,,,,6ade91a0-f1ec-4d1d-b5d8-7961b5b28e52,1785.0,,,,47.0,,,,,,,,,,,,,,,,,,,,,,,1.0,3.0,From Free Kick,,,,,78.0,790.0,Sweden,['e13b33aa-621b-403c-8ad5-a13d92d3b6fc'],7.0,,,,,,,,,,,,,,,,,,,,,,790.0,Sweden,00:47:07.633,34.0,Half End,,,,,,,,,,,,,,,,,,,,,,,,
,,,,,,,,,,,,,,,,,,,,,,,,,,,,,,,f3e01856-d443-40a1-9a0b-426cae28bb92,3452.0,,,,97.0,,,,,,,,,,,,,,,,,,,,,,,2.0,3.0,From Free Kick,,,,,166.0,770.0,Germany,['3d2fff3b-50a2-45c2-ac60-3c122e49daa8'],9.0,,,,,,,,,,,,,,,,,,,,,,770.0,Germany,00:52:09.280,34.0,Half End,,,,,,,,,,,,,,,,,,,,,,,,
,,,,,,,,,,,,,,,,,,,,,,,,,,,,,,,3d2fff3b-50a2-45c2-ac60-3c122e49daa8,3453.0,,,,97.0,,,,,,,,,,,,,,,,,,,,,,,2.0,3.0,From Free Kick,,,,,166.0,770.0,Germany,['f3e01856-d443-40a1-9a0b-426cae28bb92'],9.0,,,,,,,,,,,,,,,,,,,,,,790.0,Sweden,00:52:09.280,34.0,Half End,,,,,,,,,,,,,,,,,,,,,,,,
,,,,,,,,,,,,,,,,,,,,,,,,,,,,,,,ebda0f81-2191-4fda-8a99-37ff556af1b9,1824.0,,,,47.0,,,,,,,,,,,,,,,,,,,,,,,1.0,1.0,Regular Play,,,,,90.0,779.0,Argentina,['80d7a018-a26e-4e0b-9354-9e7a38b08a55'],11.0,,,,,,,,,,,,,,,,,,,,,,779.0,Argentina,00:47:11.247,34.0,Half End,,,,,,,,,,,,,,,,,,,,,,,,
,,,,,,,,,,,,,,,,,,,,,,,,,,,,,,,80d7a018-a26e-4e0b-9354-9e7a38b08a55,1825.0,,,,47.0,,,,,,,,,,,,,,,,,,,,,,,1.0,1.0,Regular Play,,,,,90.0,779.0,Argentina,['ebda0f81-2191-4fda-8a99-37ff556af1b9'],11.0,,,,,,,,,,,,,,,,,,,,,,775.0,Nigeria,00:47:11.247,34.0,Half End,,,,,,,,,,,,,,,,,,,,,,,,
,,,,,,,,,,,,,,,,,,,,,,,,,,,,,,,56c102af-cfe6-48dc-98d4-6f3acd5c879e,3502.0,,,,94.0,,,,,,,,,,,,,,,,,,,,,,,2.0,7.0,From Goal Kick,,,,,182.0,775.0,Nigeria,['0a5f2191-1864-4b7f-8584-9394e6fd93ab'],30.0,,,,,,,,,,,,,,,,,,,,,,775.0,Nigeria,00:49:30.093,34.0,Half End,,,,,,,,,,,,,,,,,,,,,,,,
,,,,,,,,,,,,,,,,,,,,,,,,,,,,,,,0a5f2191-1864-4b7f-8584-9394e6fd93ab,3503.0,,,,94.0,,,,,,,,,,,,,,,,,,,,,,,2.0,7.0,From Goal Kick,,,,,182.0,775.0,Nigeria,['56c102af-cfe6-48dc-98d4-6f3acd5c879e'],30.0,,,,,,,,,,,,,,,,,,,,,,779.0,Argentina,00:49:30.093,34.0,Half End,,,,,,,,,,,,,,,,,,,,,,,,
,,,,,,,,,,,,,,,,,,,,,,,,,,,,,,,0274fa0d-75a3-43ff-8b42-b5e465655c9d,1795.0,,,,48.0,,,,,,,,,,,,,,,,,,,,,,,1.0,7.0,From Goal Kick,,,,,80.0,791.0,South Korea,['881cffe4-a3cc-486e-b242-2f8800950f82'],7.0,,,,,,,,,,,,,,,,,,,,,,791.0,South Korea,00:48:07.759,34.0,Half End,,,,,,,,,,,,,,,,,,,,,,,,
,,,,,,,,,,,,,,,0.0,,,,,,,,,,,,,,,,881cffe4-a3cc-486e-b242-2f8800950f82,1796.0,,,,48.0,,,,,,,,,,,,,,,,,,,,,,,1.0,7.0,From Goal Kick,,,,,80.0,791.0,South Korea,['0274fa0d-75a3-43ff-8b42-b5e465655c9d'],7.0,,,,,,,,,,,,,,,,,,,,,,770.0,Germany,00:48:07.759,34.0,Half End,,,,,,,,,,,,,,,,,,,,,,,,
,,,,,,,,,,,,,,,,,,,,,,,,,,,,,,,3456a378-9dc6-480b-8ca4-aaa7de249e70,3707.0,,,,99.0,,,,,,,,,,,,,,,,,,,,,,,2.0,7.0,From Goal Kick,,,,,186.0,791.0,South Korea,['14b34d92-1b76-4fda-b313-419ac41223b3'],23.0,,,,,,,,,,,,,,,,,,,,,,791.0,South Korea,00:54:23.053,34.0,Half End,,,,,,,,,,,,,,,,,,,,,,,,
,,,,,,,,,,,,,,,0.0,,,,,,,,,,,,,,,,14b34d92-1b76-4fda-b313-419ac41223b3,3708.0,,,,99.0,,,,,,,,,,,,,,,,,,,,,,,2.0,7.0,From Goal Kick,,,,,186.0,791.0,South Korea,['3456a378-9dc6-480b-8ca4-aaa7de249e70'],23.0,,,,,,,,,,,,,,,,,,,,,,770.0,Germany,00:54:23.053,34.0,Half End,,,,,,,,,,,,,,,,,,,,,,,,
,,,,,,,,,,,,,,,,,,,,,,,,,,,,,,,1da56f6b-7f20-4739-bbe2-1e4934244fc8,2065.0,,,,47.0,,,,,,,,,,,,,,,,,,,,,,,1.0,1.0,Regular Play,,,,,86.0,799.0,Saudi Arabia,['76d8d424-1de2-433c-a53f-04fc9826202f'],4.0,,,,,,,,,,,,,,,,,,,,,,783.0,Uruguay,00:47:04.421,34.0,Half End,,,,,,,,,,,,,,,,,,,,,,,,
,,,,,,,,,,,,,,,,,,,,,,,,,,,,,,,76d8d424-1de2-433c-a53f-04fc9826202f,2066.0,,,,47.0,,,,,,,,,,,,,,,,,,,,,,,1.0,1.0,Regular Play,,,,,86.0,799.0,Saudi Arabia,['1da56f6b-7f20-4739-bbe2-1e4934244fc8'],5.0,,,,,,,,,,,,,,,,,,,,,,799.0,Saudi Arabia,00:47:05.994,34.0,Half End,,,,,,,,,,,,,,,,,,,,,,,,
,,,,,,,,,,,,,,,,,,,,,,,,,,,,,,,8222e26a-3842-484f-b9f2-addd2d6b8b93,3953.0,,,,94.0,,,,,,,,,,,,,,,,,,,,,,,2.0,3.0,From Free Kick,,,,,175.0,799.0,Saudi Arabia,['d656544f-affc-496b-9789-4f848aab93d0'],1.0,,,,,,,,,,,,,,,,,,,,,,783.0,Uruguay,00:49:01.253,34.0,Half End,,,,,,,,,,,,,,,,,,,,,,,,
,,,,,,,,,,,,,,,,,,,,,,,,,,,,,,,d656544f-affc-496b-9789-4f848aab93d0,3954.0,,,,94.0,,,,,,,,,,,,,,,,,,,,,,,2.0,3.0,From Free Kick,,,,,175.0,799.0,Saudi Arabia,['8222e26a-3842-484f-b9f2-addd2d6b8b93'],1.0,,,,,,,,,,,,,,,,,,,,,,799.0,Saudi Arabia,00:49:01.253,34.0,Half End,,,,,,,,,,,,,,,,,,,,,,,,
,,,,,,,,,,,,,,,,,,,,,,,,,,,,,,,4bd24960-d0f3-4042-b016-76360904c876,1737.0,,,,46.0,,,,,,,,,,,,,,,,,,,,,,,1.0,4.0,From Throw In,,,,,84.0,769.0,Colombia,['e48755bf-6c9c-450f-adba-1ea646e5509c'],19.0,,,,,,,,,,,,,,,,,,,,,,778.0,Japan,00:46:19.187,34.0,Half End,,,,,,,,,,,,,,,,,,,,,,,,
,,,,,,,,,,,,,,,,,,,,,,,,,,,,,,,e48755bf-6c9c-450f-adba-1ea646e5509c,1738.0,,,,46.0,,,,,,,,,,,,,,,,,,,,,,,1.0,4.0,From Throw In,,,,,84.0,769.0,Colombia,['4bd24960-d0f3-4042-b016-76360904c876'],19.0,,,,,,,,,,,,,,,,,,,,,,769.0,Colombia,00:46:19.187,34.0,Half End,,,,,,,,,,,,,,,,,,,,,,,,
,,,,,,,,,,,,,,,,,,,,,,,,,,,,,,,df7b0b8b-bbb1-46b8-810c-d50ee44c989c,3864.0,,,,95.0,,,,,,,,,,,,,,,,,,,,,,,2.0,4.0,From Throw In,,,,,168.0,769.0,Colombia,['590f03f1-6e0d-475a-87cf-06681626da83'],13.0,,,,,,,,,,,,,,,,,,,,,,778.0,Japan,00:50:13.760,34.0,Half End,,,,,,,,,,,,,,,,,,,,,,,,
,,,,,,,,,,,,,,,,,,,,,,,,,,,,,,,590f03f1-6e0d-475a-87cf-06681626da83,3865.0,,,,95.0,,,,,,,,,,,,,,,,,,,,,,,2.0,4.0,From Throw In,,,,,168.0,769.0,Colombia,['df7b0b8b-bbb1-46b8-810c-d50ee44c989c'],13.0,,,,,,,,,,,,,,,,,,,,,,769.0,Colombia,00:50:13.760,34.0,Half End,,,,,,,,,,,,,,,,,,,,,,,,
,,,,,,,,,,,,,,,0.0,,,,,,,,,,,,,,,,984c0a42-4122-4dad-808d-b778dc294e1f,1704.0,,,,45.0,,,,,,,,,,,,,,,,,,,,,,,1.0,1.0,Regular Play,,,,,81.0,794.0,Mexico,['f51b8b26-2d54-4b97-96f4-58f4373d238e'],1.0,,,,,,,,,,,,,,,,,,,,,,794.0,Mexico,00:45:01.800,34.0,Half End,,,,,,,,,,,,,,,,,,,,,,,,
,,,,,,,,,,,,,,,0.0,,,,,,,,,,,,,,,,f51b8b26-2d54-4b97-96f4-58f4373d238e,1705.0,,,,45.0,,,,,,,,,,,,,,,,,,,,,,,1.0,1.0,Regular Play,,,,,81.0,794.0,Mexico,['984c0a42-4122-4dad-808d-b778dc294e1f'],1.0,,,,,,,,,,,,,,,,,,,,,,781.0,Brazil,00:45:01.800,34.0,Half End,,,,,,,,,,,,,,,,,,,,,,,,
,,,,,,,,,,,,,,,0.0,,,,,,,,,,,,,,,,f286d6ff-52ca-405f-8232-801eaa7ef1f1,3394.0,,,,96.0,,,,,,,,,,,,,,,,,,,,,,,2.0,1.0,Regular Play,,,,,180.0,794.0,Mexico,['ebf58b2d-57eb-4eeb-90d6-22249e1bd4e8'],10.0,,,,,,,,,,,,,,,,,,,,,,781.0,Brazil,00:51:10.520,34.0,Half End,,,,,,,,,,,,,,,,,,,,,,,,
,,,,,,,,,,,,,,,0.0,,,,,,,,,,,,,,,,ebf58b2d-57eb-4eeb-90d6-22249e1bd4e8,3395.0,,,,96.0,,,,,,,,,,,,,,,,,,,,,,,2.0,1.0,Regular Play,,,,,180.0,794.0,Mexico,['f286d6ff-52ca-405f-8232-801eaa7ef1f1'],10.0,,,,,,,,,,,,,,,,,,,,,,794.0,Mexico,00:51:10.520,34.0,Half End,,,,,,,,,,,,,,,,,,,,,,,,
,,,,,,,,,,,,,,,,,,,,,,,,,,,,,,,8f71241a-25c7-42f6-a2aa-51f4ed2c6e55,1861.0,,,,46.0,,,,,,,,,,,,,,,,,,,,,,,1.0,1.0,Regular Play,,,,,98.0,789.0,Poland,['08df9711-9bbf-4b23-8185-5bfa4d433954'],2.0,,,,,,,,,,,,,,,,,,,,,,789.0,Poland,00:46:02.970,34.0,Half End,,,,,,,,,,,,,,,,,,,,,,,,
,,,,,,,,,,,,,,,0.0,,,,,,,,,,,,,,,,08df9711-9bbf-4b23-8185-5bfa4d433954,1862.0,,,,46.0,,,,,,,,,,,,,,,,,,,,,,,1.0,1.0,Regular Play,,,,,98.0,789.0,Poland,['8f71241a-25c7-42f6-a2aa-51f4ed2c6e55'],2.0,,,,,,,,,,,,,,,,,,,,,,778.0,Japan,00:46:02.970,34.0,Half End,,,,,,,,,,,,,,,,,,,,,,,,
,,,,,,,,,,,,,,,0.0,,,,,,,,,,,,,,,,3d53c03c-aac1-40fd-bde1-b1c7cc13d290,3671.0,,,,93.0,,,,,,,,,,,,,,,,,,,,,,,2.0,1.0,Regular Play,,,,,167.0,778.0,Japan,['48665170-4b80-4154-a04b-b150cb5e678c'],3.0,,,,,,,,,,,,,,,,,,,,,,778.0,Japan,00:48:03.413,34.0,Half End,,,,,,,,,,,,,,,,,,,,,,,,
,,,,,,,,,,,,,,,,,,,,,,,,,,,,,,,48665170-4b80-4154-a04b-b150cb5e678c,3672.0,,,,93.0,,,,,,,,,,,,,,,,,,,,,,,2.0,1.0,Regular Play,,,,,167.0,778.0,Japan,['3d53c03c-aac1-40fd-bde1-b1c7cc13d290'],3.0,,,,,,,,,,,,,,,,,,,,,,789.0,Poland,00:48:03.413,34.0,Half End,,,,,,,,,,,,,,,,,,,,,,,,
,,,,,,,,,,,,,,,,,,,,,,,,,,,,,,,79f1a890-4186-4787-9e76-169b4bd05815,1764.0,,,,47.0,,,,,,,,,,,,,,,,,,,,,,,1.0,1.0,Regular Play,,,,,76.0,792.0,Australia,['6633c103-77ab-47cf-8dc3-6b69a77398ca'],7.0,,,,,,,,,,,,,,,,,,,,,,792.0,Australia,00:47:07.560,34.0,Half End,,,,,,,,,,,,,,,,,,,,,,,,
,,,,,,,,,,,,,,,,,,,,,,,,,,,,,,,6633c103-77ab-47cf-8dc3-6b69a77398ca,1765.0,,,,47.0,,,,,,,,,,,,,,,,,,,,,,,1.0,1.0,Regular Play,,,,,76.0,792.0,Australia,['79f1a890-4186-4787-9e76-169b4bd05815'],7.0,,,,,,,,,,,,,,,,,,,,,,776.0,Denmark,00:47:07.560,34.0,Half End,,,,,,,,,,,,,,,,,,,,,,,,
,,,,,,,,,,,,,,,,,,,,,,,,,,,,,,,9dd1245a-c682-44df-ba62-61a962d3c1d9,3576.0,,,,93.0,,,,,,,,,,,,,,,,,,,,,,,2.0,1.0,Regular Play,,,,,162.0,792.0,Australia,['735ebc5d-bbc3-430f-ae7a-98c502b7234f'],27.0,,,,,,,,,,,,,,,,,,,,,,776.0,Denmark,00:48:27.840,34.0,Half End,,,,,,,,,,,,,,,,,,,,,,,,
,,,,,,,,,,,,,,,,,,,,,,,,,,,,,,,735ebc5d-bbc3-430f-ae7a-98c502b7234f,3577.0,,,,93.0,,,,,,,,,,,,,,,,,,,,,,,2.0,1.0,Regular Play,,,,,162.0,792.0,Australia,['9dd1245a-c682-44df-ba62-61a962d3c1d9'],27.0,,,,,,,,,,,,,,,,,,,,,,792.0,Australia,00:48:27.840,34.0,Half End,,,,,,,,,,,,,,,,,,,,,,,,
,,,,,,,,,,,,,,,0.0,,,,,,,,,,,,,,,,3cf7de85-a603-44da-a08b-95e4fa546954,1986.0,,,,47.0,,,,,,,,,,,,,,,,,,,,,,,1.0,4.0,From Throw In,,,,,81.0,772.0,Spain,['98572e61-e440-463d-8dfe-7578aa1adf38'],8.0,,,,,,,,,,,,,,,,,,,,,,796.0,Russia,00:47:08.440,34.0,Half End,,,,,,,,,,,,,,,,,,,,,,,,
,,,,,,,,,,,,,,,0.0,,,,,,,,,,,,,,,,98572e61-e440-463d-8dfe-7578aa1adf38,1987.0,,,,47.0,,,,,,,,,,,,,,,,,,,,,,,1.0,4.0,From Throw In,,,,,81.0,772.0,Spain,['3cf7de85-a603-44da-a08b-95e4fa546954'],8.0,,,,,,,,,,,,,,,,,,,,,,772.0,Spain,00:47:08.440,34.0,Half End,,,,,,,,,,,,,,,,,,,,,,,,
,,,,,,,,,,,,,,,0.0,,,,,,,,,,,,,,,,45b93fd3-4f09-4ecf-a791-fcdca3d4be29,3813.0,,,,94.0,,,,,,,,,,,,,,,,,,,,,,,2.0,7.0,From Goal Kick,,,,,148.0,772.0,Spain,['6d9d42d9-81da-4e36-9f4a-4e5e44a07e77'],6.0,,,,,,,,,,,,,,,,,,,,,,772.0,Spain,00:49:06.560,34.0,Half End,,,,,,,,,,,,,,,,,,,,,,,,
,,,,,,,,,,,,,,,0.0,,,,,,,,,,,,,,,,6d9d42d9-81da-4e36-9f4a-4e5e44a07e77,3814.0,,,,94.0,,,,,,,,,,,,,,,,,,,,,,,2.0,7.0,From Goal Kick,,,,,148.0,772.0,Spain,['45b93fd3-4f09-4ecf-a791-fcdca3d4be29'],6.0,,,,,,,,,,,,,,,,,,,,,,796.0,Russia,00:49:06.560,34.0,Half End,,,,,,,,,,,,,,,,,,,,,,,,
,,,,,,,,,,,,,,,0.0,,,,,,,,,,,,,,,,9697ff1d-226c-435f-9875-022ca757fb61,4482.0,,,,106.0,,,,,,,,,,,,,,,,,,,,,,,3.0,1.0,Regular Play,,,,,174.0,796.0,Russia,['1e817879-f4b4-4ebc-b1fa-2f94d8237562'],11.0,,,,,,,,,,,,,,,,,,,,,,772.0,Spain,00:16:11.347,34.0,Half End,,,,,,,,,,,,,,,,,,,,,,,,
,,,,,,,,,,,,,,,0.0,,,,,,,,,,,,,,,,1e817879-f4b4-4ebc-b1fa-2f94d8237562,4483.0,,,,106.0,,,,,,,,,,,,,,,,,,,,,,,3.0,1.0,Regular Play,,,,,174.0,796.0,Russia,['9697ff1d-226c-435f-9875-022ca757fb61'],11.0,,,,,,,,,,,,,,,,,,,,,,796.0,Russia,00:16:11.347,34.0,Half End,,,,,,,,,,,,,,,,,,,,,,,,
,,,,,,,,,,,,,,,0.0,,,,,,,,,,,,,,,,c26fda9f-47ec-45bb-86a2-b25795f43aaf,5003.0,,,,121.0,,,,,,,,,,,,,,,,,,,,,,,4.0,1.0,Regular Play,,,,,197.0,772.0,Spain,['87a8f4d8-0de2-4852-9bdd-d7d0531026ea'],8.0,,,,,,,,,,,,,,,,,,,,,,796.0,Russia,00:16:08.460,34.0,Half End,,,,,,,,,,,,,,,,,,,,,,,,
,,,,,,,,,,,,,,,0.0,,,,,,,,,,,,,,,,87a8f4d8-0de2-4852-9bdd-d7d0531026ea,5004.0,,,,121.0,,,,,,,,,,,,,,,,,,,,,,,4.0,1.0,Regular Play,,,,,197.0,772.0,Spain,['c26fda9f-47ec-45bb-86a2-b25795f43aaf'],8.0,,,,,,,,,,,,,,,,,,,,,,772.0,Spain,00:16:08.460,34.0,Half End,,,,,,,,,,,,,,,,,,,,,,,,
,,,,,,,,,,,,,,,0.0,,,,,,,,,,,,,,,,2c4a4ff2-067b-49c8-9e24-218af01c9416,5025.0,,,,125.0,,,,,,,,,,,,,,,,,,,,,,,5.0,5.0,Other,,,,,207.0,772.0,Spain,['a71e1fe6-c490-4330-b2a9-6b3e4591fcb2'],46.0,,,,,,,,,,,,,,,,,,,,,,796.0,Russia,00:05:46.760,34.0,Half End,,,,,,,,,,,,,,,,,,,,,,,,
,,,,,,,,,,,,,,,0.0,,,,,,,,,,,,,,,,a71e1fe6-c490-4330-b2a9-6b3e4591fcb2,5026.0,,,,125.0,,,,,,,,,,,,,,,,,,,,,,,5.0,5.0,Other,,,,,207.0,772.0,Spain,['2c4a4ff2-067b-49c8-9e24-218af01c9416'],46.0,,,,,,,,,,,,,,,,,,,,,,772.0,Spain,00:05:46.760,34.0,Half End,,,,,,,,,,,,,,,,,,,,,,,,
,,,,,,,,,,,,,,,,,,,,,,,,,,,,,,,31c6d4b6-b05d-41a4-85b7-1e9057661912,1471.0,,,,46.0,,,,,,,,,,,,,,,,,,,,,,,1.0,3.0,From Free Kick,,,,,88.0,785.0,Croatia,['c89aa999-7645-4950-b0eb-d4b32343f179'],10.0,,,,,,,,,,,,,,,,,,,,,,768.0,England,00:46:10.433,34.0,Half End,,,,,,,,,,,,,,,,,,,,,,,,
,,,,,,,,,,,,,,,,,,,,,,,,,,,,,,,c89aa999-7645-4950-b0eb-d4b32343f179,1472.0,,,,46.0,,,,,,,,,,,,,,,,,,,,,,,1.0,3.0,From Free Kick,,,,,88.0,785.0,Croatia,['31c6d4b6-b05d-41a4-85b7-1e9057661912'],10.0,,,,,,,,,,,,,,,,,,,,,,785.0,Croatia,00:46:10.540,34.0,Half End,,,,,,,,,,,,,,,,,,,,,,,,
,,,,,,,,,,,,,,,,,,,,,,,,,,,,,,,1313b797-1d0a-4745-966a-e2b59b18965a,3095.0,,,,93.0,,,,,,,,,,,,,,,,,,,,,,,2.0,4.0,From Throw In,,,,,186.0,785.0,Croatia,['4c1ac842-90bf-4fd2-9dd5-035ef0ab5775'],5.0,,,,,,,,,,,,,,,,,,,,,,768.0,England,00:48:05.573,34.0,Half End,,,,,,,,,,,,,,,,,,,,,,,,
,,,,,,,,,,,,,,,,,,,,,,,,,,,,,,,4c1ac842-90bf-4fd2-9dd5-035ef0ab5775,3096.0,,,,93.0,,,,,,,,,,,,,,,,,,,,,,,2.0,4.0,From Throw In,,,,,186.0,785.0,Croatia,['1313b797-1d0a-4745-966a-e2b59b18965a'],5.0,,,,,,,,,,,,,,,,,,,,,,785.0,Croatia,00:48:05.733,34.0,Half End,,,,,,,,,,,,,,,,,,,,,,,,
,,,,,,,,,,,,,,,,,,,,,,,,,,,,,,,d6220775-5538-480b-bf68-590c23601f55,3659.0,,,,108.0,,,,,,,,,,,,,,,,,,,,,,,3.0,2.0,From Corner,,,,,215.0,785.0,Croatia,['49daaca7-e501-4327-b846-f5ff5efa48c6'],35.0,,,,,,,,,,,,,,,,,,,,,,785.0,Croatia,00:18:35.188,34.0,Half End,,,,,,,,,,,,,,,,,,,,,,,,
,,,,,,,,,,,,,,,,,,,,,,,,,,,,,,,49daaca7-e501-4327-b846-f5ff5efa48c6,3660.0,,,,108.0,,,,,,,,,,,,,,,,,,,,,,,3.0,2.0,From Corner,,,,,215.0,785.0,Croatia,['d6220775-5538-480b-bf68-590c23601f55'],35.0,,,,,,,,,,,,,,,,,,,,,,768.0,England,00:18:35.468,34.0,Half End,,,,,,,,,,,,,,,,,,,,,,,,
,,,,,,,,,,,,,,,,,,,,,,,,,,,,,,,38e1dd4b-f44d-4749-a33a-12fc6d15902b,4165.0,,,,124.0,,,,,,,,,,,,,,,,,,,,,,,4.0,3.0,From Free Kick,,,,,251.0,768.0,England,['9fae14f6-0f40-429c-afcb-f296017057a8'],23.0,,,,,,,,,,,,,,,,,,,,,,785.0,Croatia,00:19:23.283,34.0,Half End,,,,,,,,,,,,,,,,,,,,,,,,
,,,,,,,,,,,,,,,,,,,,,,,,,,,,,,,9fae14f6-0f40-429c-afcb-f296017057a8,4166.0,,,,124.0,,,,,,,,,,,,,,,,,,,,,,,4.0,3.0,From Free Kick,,,,,251.0,768.0,England,['38e1dd4b-f44d-4749-a33a-12fc6d15902b'],23.0,,,,,,,,,,,,,,,,,,,,,,768.0,England,00:19:23.323,34.0,Half End,,,,,,,,,,,,,,,,,,,,,,,,
